Date;Price (Open);Price (High);Price (Low);Price (Close);Real Volume;Circulating Marketcap;Circulating Supply;Active Addresses Count;Volatility;Transaction Volume;Transactions Count;Price
2018-03-05;8.13;8.27;7.89;7.91;59220000.0;5750000000.0;707168090.58;;1.55;;;8.02
2018-03-06;7.91;7.91;7.0;7.14;139000000.0;5300000000.0;709941587.96;;1.57;;;7.525
2018-03-07;7.13;7.27;5.95;6.41;139000000.0;4760000000.0;712343403.43;;1.52;;;6.77
2018-03-08;6.4;6.66;5.88;6.09;85430000.0;4490000000.0;714365793.13;;1.35;;;6.245
2018-03-09;6.1;6.17;5.18;6.01;232000000.0;4040000000.0;716453664.07;;1.21;;;6.055
2018-03-10;6.01;6.43;5.62;5.65;78820000.0;4370000000.0;718428699.16;;1.2;;;5.83
2018-03-11;5.64;6.2;5.41;6.05;111000000.0;4179999999.9999995;720033285.4;;1.19;;;5.845
2018-03-12;6.05;6.17;5.57;5.72;66410000.0;4280000000.0000005;721824918;;1.07;;;5.885
2018-03-13;5.72;5.94;5.55;5.78;67010000.00000001;4179999999.9999995;724540828.25;;1.06;;;5.75
2018-03-14;5.8;5.93;5.13;5.26;81110000.0;4050000000.0;726585425.68;;1.08;;;5.529999999999999
2018-03-15;5.26;5.31;4.78;5.12;88290000.0;3690000000.0;728521299.63;;1.02;;;5.1899999999999995
2018-03-16;5.12;5.32;4.88;5.03;62340000.0;3730000000.0;730567792.34;;1.02;;;5.075
2018-03-17;5.03;5.08;4.54;4.61;89330000.0;3570000000.0;732582070.23;;0.95;;;4.82
2018-03-18;4.6;4.76;3.88;4.61;112000000.0;3140000000.0;734509257;;0.95;;;4.605
2018-03-19;4.63;6.25;4.51;6.18;169000000.0;3810000000.0;736535740.85;;1.55;;;5.404999999999999
2018-03-20;6.16;6.35;5.34;5.93;185000000.0;4340000000.0;738079580.31;;1.54;;;6.045
2018-03-21;5.94;7.27;5.87;6.89;215000000.0;4750000000.0;740566399.16;;1.63;;;6.415
2018-03-22;6.9;7.26;6.15;6.88;235000000.0;5030000000.0;742630105.62;;1.62;;;6.890000000000001
2018-03-23;6.88;7.04;6.24;6.94;197000000.0;4970000000.0;744587299.68;;1.6;;;6.91
2018-03-24;6.94;7.05;6.47;6.49;116000000.0;5110000000.0;746625899.59;;1.61;;;6.715
2018-03-25;6.48;6.67;6.38;6.43;83280000.0;4900000000.0;749706993.27;;1.59;;;6.455
2018-03-26;6.43;6.49;5.27;5.79;182000000.0;4410000000.0;751941819.19;;1.61;;;6.109999999999999
2018-03-27;5.8;6.49;5.2;5.8;230000000.0;4400000000.0;753780917.2;;1.6;;;5.8
2018-03-28;5.79;6.45;5.63;6.2;140000000.0;4640000000.0;755451384.42;;1.62;;;5.995
2018-03-29;6.19;6.27;5.76;5.86;179000000.0;4530000000.0;757190794.68;;1.62;;;6.025
2018-03-30;5.86;6.16;5.68;6.01;263000000.0;4480000000.0;759226484.6;;1.61;;;5.9350000000000005
2018-03-31;6.01;6.16;5.86;5.92;82050000.0;4580000000.0;761273611.04;;1.61;;;5.965
2018-04-01;5.93;5.99;5.13;5.6;202000000.0;4250000000.0;763252784.4;;1.61;;;5.765
2018-04-02;5.61;5.89;5.49;5.8;137000000.0;4360000000.0;765408484.3;;1.61;;;5.705
2018-04-03;5.81;6.14;5.73;6.03;88020000.0;4540000000.0;767356902.35;;1.62;;;5.92
2018-04-04;6.03;6.06;5.49;5.65;83070000.0;4420000000.0;769579712.37;;1.62;;;5.84
2018-04-05;5.64;6.41;5.4;6.32;236000000.0;4560000000.0;772327122.61;;1.68;;;5.98
2018-04-06;6.32;6.36;5.67;5.83;139000000.0;4590000000.0;773555377.44;;1.66;;;6.075
2018-04-07;5.82;6.0;5.79;5.88;73140000.0;4570000000.0;775436332.21;;1.63;;;5.85
2018-04-08;5.88;6.01;5.82;5.96;148000000.0;4600000000.0;777678162.4;;1.62;;;5.92
2018-04-09;5.96;6.07;5.75;5.84;231000000.0;4610000000.0;780668935.3;;1.62;;;5.9
2018-04-10;5.85;6.07;5.75;5.98;81420000.0;4630000000.0;782676776.04;;1.61;;;5.915
2018-04-11;5.98;8.88;5.96;8.52;499000000.0;5800000000.0;784692011.5;;2.14;;;7.25
2018-04-12;8.52;9.29;7.82;8.83;892000000.0;6850000000.0;786652503.56;;2.12;;;8.675
2018-04-13;8.83;9.55;8.61;8.82;308000000.0;7180000000.0;788694821.4;;2.12;;;8.825
2018-04-14;8.82;9.09;8.11;8.72;218000000.0;6810000000.0;790861841.65;;2.09;;;8.77
2018-04-15;8.72;8.82;7.81;8.52;232000000.0;6640000000.0;792808925.52;;2.09;;;8.620000000000001
2018-04-16;8.52;8.52;7.82;8.12;164000000.0;6440000000.0;794946858.6;;2.1;;;8.32
2018-04-17;8.11;9.07;8.08;8.49;240000000.0;6940000000.0;798408944.82;;2.07;;;8.3
2018-04-18;8.48;9.23;8.45;9.04;283000000.0;7070000000.0;800330940.81;;2.07;;;8.76
2018-04-19;9.04;9.46;8.91;9.45;182000000.0;7370000000.0;801988618.04;;1.76;;;9.245
2018-04-20;9.46;11.68;9.45;11.46;864000000.0;8480000000.0;804385720.05;;1.88;;;10.46
2018-04-21;11.47;11.63;10.22;11.12;613000000.0;8810000000.0;806538431.04;;1.82;;;11.295
2018-04-22;11.12;11.86;10.75;11.3;306000000.0;9280000000.0;808780031.05;;1.82;;;11.21
2018-04-23;11.3;11.91;11.24;11.61;246000000.0;9380000000.0;810531304.69;;1.82;;;11.455
2018-04-24;11.6;16.1;11.6;15.09;1740000000.0;11410000000.0;812839224.08;;2.03;;;13.344999999999999
2018-04-25;15.1;15.51;13.35;14.44;939000000.0;11780000000.0;814782209.69;;2.04;;;14.77
2018-04-26;14.35;15.56;13.87;15.44;478000000.0;12020000000.0;816872160.46;;1.99;;;14.895
2018-04-27;15.44;17.91;14.82;16.6;752000000.0;13380000000.0;818907502.6;;1.99;;;16.02
2018-04-28;16.6;19.5;16.46;18.77;885000000.0;15150000000.0;820923137.67;;2.01;;;17.685000000000002
2018-04-29;18.77;23.06;18.74;21.42;1350000000.0;17059999999.999998;822723608.04;;2.01;;;20.095
2018-04-30;21.43;21.62;16.55;17.46;1230000000.0;15220000000.0;824851747.14;;2.16;;;19.445
2018-05-01;17.46;19.03;15.92;18.75;861000000.0;14240000000.0;826862660.97;;2.15;;;18.105
2018-05-02;18.76;19.52;18.18;19.18;632000000.0;15560000000.0;828933273.86;;2.13;;;18.97
2018-05-03;19.2;19.31;16.84;17.66;869000000.0;14930000000.0;830902866.94;;2.17;;;18.43
2018-05-04;17.64;18.02;16.3;17.01;695000000.0;14290000000.0;832915912.98;;2.19;;;17.325000000000003
2018-05-05;17.02;18.65;16.99;17.69;1150000000.0;15060000000.0;834858940.97;;2.16;;;17.355
2018-05-06;17.65;17.89;16.55;17.33;593000000.0;14440000000.0;836866283.68;;2.15;;;17.49
2018-05-07;17.33;18.51;16.63;17.78;765000000.0;14790000000.0;838907514.35;;2.11;;;17.555
2018-05-08;17.8;18.85;17.62;17.95;627000000.0;15270000000.0;840920199.87;;2.11;;;17.875
2018-05-09;17.93;18.06;17.03;17.78;1290000000.0;14860000000.0;842963837.93;;2.12;;;17.855
2018-05-10;17.77;18.74;17.32;17.34;2040000000.0;15240000000.0;845948948.14;;2.12;;;17.555
2018-05-11;17.32;17.67;14.19;14.81;1860000000.0;13150000000.0;848159006.21;;2.21;;;16.065
2018-05-12;14.81;15.12;12.14;13.96;1920000000.0;11630000000.0;850178149.75;;1.77;;;14.385000000000002
2018-05-13;13.97;15.05;13.46;14.6;929000000.0;12180000000.0;852141964.88;;1.77;;;14.285
2018-05-14;14.6;14.74;12.98;13.78;577000000.0;11890000000.0;854534613.91;;1.79;;;14.19
2018-05-15;13.77;14.36;12.42;12.81;450000000.0;11630000000.0;856518365.56;;1.81;;;13.29
2018-05-16;12.8;13.08;11.85;12.66;577000000.0;10560000000.0;858550389.63;;1.81;;;12.73
2018-05-17;12.67;13.95;12.0;12.24;424000000.0;11250000000.0;860668994.16;;1.8;;;12.455
2018-05-18;12.24;13.17;11.91;12.92;956000000.0;10810000000.0;862791896.01;;1.8;;;12.58
2018-05-19;12.92;13.42;12.48;13.12;748000000.0;11180000000.0;864994445.13;;1.8;;;13.02
2018-05-20;13.07;14.2;12.94;13.92;336000000.0;11850000000.0;866985942.95;;1.8;;;13.495000000000001
2018-05-21;13.92;14.12;13.11;13.42;275000000.0;11820000000.0;868906794.91;;1.67;;;13.67
2018-05-22;13.42;13.49;11.99;12.11;304000000.0;11120000000.0;871073928.09;;1.7;;;12.765
2018-05-23;12.11;12.33;10.47;10.67;423000000.0;9870000000.0;873106711.54;;1.75;;;11.39
2018-05-24;10.68;12.88;10.32;12.75;426000000.0;10070000000.0;875252077.94;;1.86;;;11.715
2018-05-25;12.75;12.79;11.58;12.16;350000000.0;10660000000.0;877257971.23;;1.56;;;12.455
2018-05-26;12.15;12.82;11.84;12.21;245000000.0;10920000000.0;879207364.88;;1.55;;;12.18
2018-05-27;12.2;12.51;11.93;12.41;408000000.0;10820000000.0;881368027.18;;1.54;;;12.305
2018-05-28;12.42;12.96;11.33;11.49;411000000.0;10710000000.0;883327570.99;;1.53;;;11.955
2018-05-29;11.5;12.47;10.71;12.13;1010000000.0;10280000000.0;885843637.91;;1.47;;;11.815000000000001
2018-05-30;12.13;12.59;11.67;11.88;413000000.0;10720000000.0;887830886.4;;1.37;;;12.005
2018-05-31;11.88;12.71;11.81;12.22;740000000.0;10940000000.0;889843917.59;;1.24;;;12.05
2018-06-01;12.21;12.36;11.86;12.21;1210000000.0;10820000000.0;891853712.46;;1.21;;;12.21
2018-06-02;12.25;15.61;12.11;14.66;1340000000.0;12640000000.0;894089552.42;;1.41;;;13.455
2018-06-03;14.67;15.44;14.26;14.56;735000000.0;13240000000.0;896148215.16;;1.39;;;14.615
2018-06-04;14.56;14.87;13.25;13.46;469000000.0;12390000000.0;896149491.88;;1.41;;;14.010000000000002
2018-06-05;13.46;14.29;12.83;14.19;481000000.0;12210000000.0;896149492.01;;1.42;;;13.825
2018-06-06;14.19;14.28;13.37;13.91;423000000.0;12440000000.0;896149492.26;;1.41;;;14.05
2018-06-07;13.91;14.71;13.64;14.68;393000000.0;12570000000.0;896149492.22;;1.43;;;14.295
2018-06-08;14.69;14.9;13.56;14.01;418000000.0;12630000000.0;896149492.01;;1.43;;;14.35
2018-06-09;14.01;15.03;13.98;14.14;374000000.0;13010000000.0;896149492.37;163931;1.43;19970000.0;25103;14.075
2018-06-10;14.13;14.13;10.44;11.27;723000000.0;11160000000.0;896149492.29;57;1.58;860.0;12975;12.7
2018-06-11;11.21;11.65;10.48;11.51;1020000000.0;9940000000.0;896149492.33;197;1.51;11650.0;14362;11.36
2018-06-12;11.48;11.49;9.65;10.04;709000000.0;9610000000.0;896149492.33;254;1.56;14030.0;10237;10.76
2018-06-13;10.06;10.39;9.1;10.02;615000000.0;8840000000.0;896149492.54;233;1.55;4030.0000000000005;82;10.04
2018-06-14;10.02;11.72;9.47;11.25;446000000.0;9490000000.0;896149492.19;245;1.6;3950.0;8898;10.635
2018-06-15;11.25;11.31;10.44;10.61;290000000.0;9770000000.0;896149492.34;459;1.59;10000.0;117776;10.93
2018-06-16;10.58;10.84;10.17;10.53;245000000.0;9470000000.0;896149492.15;282;1.59;9030.0;14462;10.555
2018-06-17;10.54;10.73;10.26;10.32;235000000.0;9420000000.0;896149491.8;346;1.59;270000.0;60225;10.43
2018-06-18;10.33;10.9;10.11;10.68;559000000.0;9300000000.0;896149492.04;522;1.59;533000000.0;62825;10.504999999999999
2018-06-19;10.69;10.93;10.42;10.66;264000000.0;9490000000.0;896149492.02;791;1.58;431000000.0;52127;10.675
2018-06-20;10.65;10.76;10.18;10.41;295000000.0;9320000000.0;896149492.21;1506;1.57;514000000.0;46448;10.530000000000001
2018-06-21;10.41;10.83;10.21;10.4;275000000.0;9400000000.0;896149491.89;1169;1.56;326000000.0;22361;10.405000000000001
2018-06-22;10.4;10.43;8.26;8.53;427000000.0;8189999999.999999;896149492.4;1065;1.65;185000000.0;115952;9.465
2018-06-23;8.52;8.76;8.07;8.42;232000000.0;7480000000.0;896149491.73;1089;1.6;233000000.0;13605;8.469999999999999
2018-06-24;8.42;8.48;6.92;8.05;596000000.0;6810000000.0;896149491.64;1215;1.45;54690000.0;11904;8.235
2018-06-25;8.05;8.6;7.7;8.27;269000000.0;7280000000.0;896149491.72;1428;1.45;216000000.0;112692;8.16
2018-06-26;8.27;8.36;7.4;7.43;440000000.0;7070000000.0;896149492.45;1339;1.48;89770000.0;66819;7.85
2018-06-27;7.4;8.25;7.31;7.99;242000000.0;6950000000.0;896149492.08;1726;1.51;99780000.0;280735;7.695
2018-06-28;7.99;8.07;7.3;7.36;206000000.0;6940000000.0;896149491.9;223;1.51;406000000.0;144743;7.675000000000001
2018-06-29;7.36;7.91;7.05;7.75;336000000.0;6610000000.0;896149491.89;1855;1.49;26470000.0;215778;7.555
2018-06-30;7.75;8.29;7.75;8.12;233000000.0;7200000000.0;896149491.95;1723;1.51;156000000.0;115583;7.935
2018-07-01;8.12;8.24;7.77;8.11;199000000.0;7190000000.0;896149492.65;2125;1.5;34320000.0;137605;8.114999999999998
2018-07-02;8.11;9.15;7.89;8.97;268000000.0;7640000000.0;896149491.94;3598;1.55;88530000.0;136374;8.54
2018-07-03;8.97;9.43;8.69;8.82;300000000.0;8100000000.0;896149492.52;6494;1.35;363000000.0;154333;8.895
2018-07-04;8.82;9.41;8.52;8.9;202000000.0;8029999999.999999;896149492.35;429;1.36;87140000.0;121374;8.86
2018-07-05;8.9;9.2;8.66;8.83;332000000.0;7990000000.0;896149492.28;4318;1.34;179000000.0;132905;8.865
2018-07-06;8.83;8.87;8.3;8.62;173000000.0;7690000000.0;896149492.31;4503;1.32;144000000.0;164584;8.725
2018-07-07;8.63;8.9;8.36;8.84;130000000.0;7660000000.0;896149492.1;3404;1.33;108000000.0;132157;8.735
2018-07-08;8.84;8.98;8.66;8.68;194000000.0;7880000000.0;896149492.65;2577;1.31;113000000.0;148823;8.76
2018-07-09;8.68;8.71;7.46;7.7;237000000.0;7500000000.0;896149491.65;286;1.34;59140000.0;124233;8.19
2018-07-10;7.69;7.8;7.06;7.13;218000000.0;6670000000.0;896149492.07;2551;1.35;59320000.0;607517;7.41
2018-07-11;7.13;7.4;6.76;7.16;252000000.0;6300000000.0;896149491.8;2646;1.2;157000000.0;676522;7.145
2018-07-12;7.17;7.17;6.55;6.91;564000000.0;6060000000.0;896149491.72;2952;1.19;88400000.0;353894;7.04
2018-07-13;6.91;7.22;6.68;6.89;305000000.0;6300000000.0;896149491.86;66767;1.13;75400000.0;93626;6.9
2018-07-14;6.9;7.08;6.77;6.92;319000000.0;6200000000.0;896149491.61;385;1.13;101000000.0;2262260;6.91
2018-07-15;6.92;7.52;6.87;7.4;273000000.0;6430000000.0;896149491.89;5083;1.06;145000000.0;3235266;7.16
2018-07-16;7.4;8.17;7.23;8.09;356000000.0;6920000000.0;896149491.89;5848;1.11;285000000.0;2207672;7.745
2018-07-17;8.08;8.97;7.84;8.78;602000000.0;7420000000.0;896149492.47;7013;1.15;101000000.0;6321607;8.43
2018-07-18;8.78;9.35;8.44;8.6;410000000.0;7960000000.0;896149491.7;12274;1.15;83500000.0;6742780;8.69
2018-07-19;8.59;8.75;8.15;8.41;306000000.0;7570000000.0;896149492.57;5011;1.15;499000000.0;8307321;8.5
2018-07-20;8.41;8.56;7.71;7.85;308000000.0;7300000000.0;896149491.75;9506;1.16;179000000.0;5766224;8.129999999999999
2018-07-21;7.85;8.24;7.59;8.0;294000000.0;7130000000.0;896149492.06;6806;1.17;57120000.0;7026314;7.925
2018-07-22;8.0;8.26;7.7;7.85;298000000.0;7210000000.0;896149491.73;5393;1.17;52510000.0;7545183;7.925
2018-07-23;7.85;8.41;7.79;7.92;337000000.0;7240000000.0;896149491.82;19247;1;79620000.0;7167206;7.885
2018-07-24;7.92;8.68;7.71;8.58;344000000.0;7390000000.0;896149491.93;13417;1.04;378000000.0;6941143;8.25
2018-07-25;8.57;9.0;8.35;8.52;608000000.0;7740000000.0;896149492.03;9636;1.03;97620000.0;7274454;8.545
2018-07-26;8.52;8.86;8.2;8.3;506000000.0;7690000000.0;896149492.52;31975;1.03;69560000.0;7078502;8.41
2018-07-27;8.3;8.53;8.01;8.43;698000000.0;7400000000.0;896149492.68;86938;0.97;74490000.0;3698247;8.365
2018-07-28;8.43;8.44;8.12;8.36;361000000.0;7440000000.0;896149492.43;7114;0.94;75350000.0;5653877;8.395
2018-07-29;8.36;8.45;8.14;8.32;336000000.0;7400000000.0;896149492.33;7279;0.9;34660000.0;8416822;8.34
2018-07-30;8.33;8.36;7.42;7.74;283000000.0;7150000000.0;896149492.28;4171;0.94;117000000.0;8083188;8.035
2018-07-31;7.73;7.74;7.1;7.33;418000000.0;6600000000.0;896149491.74;14167;0.94;64319999.99999999;7271422;7.53
2018-08-01;7.33;7.39;6.85;7.22;294000000.0;6530000000.0;906245117.02;10794;0.94;49450000.0;7661173;7.275
2018-08-02;7.22;7.32;6.9;7.01;152000000.0;6420000000.0;906245117.8;28842;0.87;198000000.0;8216221;7.115
2018-08-03;7.01;7.25;6.85;7.18;241000000.0;6400000000.0;906245118.13;28266;0.87;39720000.0;8362106;7.095
2018-08-04;7.18;7.3;6.88;6.98;133000000.0;6400000000.0;906245117.89;67023;0.87;41460000.0;7215390;7.08
2018-08-05;6.98;7.09;6.91;7.04;170000000.0;6350000000.0;906245116.96;64403;0.88;90010000.0;3364069;7.01
2018-08-06;7.03;7.15;6.93;7.06;160000000.0;6360000000.0;906245117.85;40912;0.87;50890000.0;5985614;7.045
2018-08-07;7.06;7.19;6.5;6.56;202000000.0;6300000000.0;906245117.29;12502;0.89;51730000.0;7390761;6.81
2018-08-08;6.56;6.57;5.34;5.58;279000000.0;5340000000.0;906245117.46;9792;1.01;224000000.0;6763672;6.07
2018-08-09;5.58;5.94;5.41;5.76;195000000.0;5160000000.0;906245117.98;5016;0.96;63640000.0;7358344;5.67
2018-08-10;5.76;5.81;5.15;5.24;235000000.0;5010000000.0;906245117.59;58701;0.98;69320000.0;6806954;5.5
2018-08-11;5.25;5.32;4.83;4.97;205000000.0;4610000000.0;906245118.34;33862;0.99;52500000.0;7337851;5.109999999999999
2018-08-12;4.97;5.17;4.91;4.97;156000000.0;4580000000.0;906245116.81;74238;0.98;28620000.0;7667153;4.97
2018-08-13;4.96;5.17;4.47;4.58;188000000.0;4450000000.0;906245116.92;3658;1.01;57410000.0;8690801;4.77
2018-08-14;4.58;4.59;4.17;4.58;169000000.0;3940000000.0;906245118.35;6558;1.01;61460000.0;8476219;4.58
2018-08-15;4.58;4.92;4.53;4.62;174000000.0;4260000000.0;906245118.01;12016;0.97;51570000.0;7608512;4.6
2018-08-16;4.62;4.81;4.43;4.52;152000000.0;4219999999.9999995;906245117.81;2175;0.9;48460000.0;3237242;4.57
2018-08-17;4.51;5.6;4.49;5.58;233000000.0;4510000000.0;906245117.63;2592;1.19;97910000.0;2915955;5.045
2018-08-18;5.59;5.65;4.82;5.08;363000000.0;4770000000.0;906245117.73;83271;1.22;40770000.0;4696460;5.335
2018-08-19;5.08;5.39;4.95;5.29;118000000.0;4700000000.0;906245117.21;7255;1.24;49110000.0;7962129;5.1850000000000005
2018-08-20;5.29;5.35;4.66;4.7;260000000.0;4650000000.0;906245117.79;5185;1.27;45850000.0;7622643;4.995
2018-08-21;4.7;4.96;4.67;4.91;214000000.0;4340000000.0;906245118.47;116991;1.28;281000000.0;6517695;4.805
2018-08-22;4.91;5.34;4.51;4.71;326000000.0;4490000000.0;906245117.01;78708;1.28;76570000.0;2436247;4.8100000000000005
2018-08-23;4.71;4.95;4.66;4.9;136000000.0;4340000000.0;906245118.1;22113;1.29;98180000.0;6802495;4.805
2018-08-24;4.89;5.13;4.77;5.05;157000000.0;4460000000.0;906245117.25;11183;1.26;57700000.0;6909744;4.97
2018-08-25;5.05;5.07;4.91;5.03;112000000.0;4540000000.0;906245117.23;16675;1.26;40550000.0;6723165;5.04
2018-08-26;5.03;5.05;4.82;4.95;224000000.0;4450000000.0;906245117.34;13957;1.26;35730000.0;2606981;4.99
2018-08-27;4.95;5.43;4.91;5.39;360000000.0;4670000000.0;906245116.72;4633;1.3;67370000.0;5774012;5.17
2018-08-28;5.39;6.03;5.29;5.91;221000000.0;5020000000.0;906245116.77;4317;1.3;89530000.0;5647034;5.65
2018-08-29;5.91;6.48;5.79;6.13;299000000.0;5530000000.0;906245117.9;7007;1.31;119000000.0;5336604;6.02
2018-08-30;6.13;6.27;5.74;6.07;218000000.0;5410000000.0;906245117.37;18456;1.29;92850000.0;4498186;6.1
2018-08-31;6.07;6.49;5.93;6.41;229000000.0;5630000000.0;906245118.2;16175;1.3;130000000.0;3452908;6.24
2018-09-01;6.41;6.81;6.4;6.66;238000000.0;6030000000.0;906245117.35;4854;1.31;72120000.0;4347626;6.535
2018-09-02;6.66;6.7;6.31;6.63;191000000.0;5900000000.0;906245117.24;4101;1.31;88040000.0;4210544;6.645
2018-09-03;6.64;6.72;6.38;6.47;163000000.0;5870000000.0;906245118.26;4382;1.31;169000000.0;4380459;6.555
2018-09-04;6.46;6.64;6.32;6.48;186000000.0;5880000000.0;906245116.94;25923;1.3;179000000.0;4775080;6.470000000000001
2018-09-05;6.48;6.58;5.11;5.15;293000000.0;5340000000.0;906245117.63;58163;1.47;115000000.0;5048300;5.815
2018-09-06;5.15;5.25;4.83;5.23;212000000.0;4570000000.0;906245117.83;69932;1.47;127000000.0;904322;5.19
2018-09-07;5.23;5.33;4.92;5.05;233000000.0;4630000000.0;906245117.28;54314;1.46;131000000.0;5077672;5.140000000000001
2018-09-08;5.05;5.15;4.62;4.74;195000000.0;4480000000.0;906245117.24;33265;1.39;41480000.0;3157711;4.895
2018-09-09;4.74;5.18;4.65;4.94;157000000.0;4490000000.0;906245117.14;16822;1.39;58330000.0;5914093;4.84
2018-09-10;4.94;5.11;4.88;5.03;170000000.0;4540000000.0;906245117.06;652;1.36;96460000.0;4810318;4.985
2018-09-11;5.03;5.1;4.72;4.99;242000000.0;4470000000.0;906245118.2;7148;1.35;43690000.0;1208067;5.01
2018-09-12;4.98;4.99;4.76;4.94;172000000.0;4400000000.0;906245116.74;5762;1.35;36480000.0;734139;4.960000000000001
2018-09-13;4.94;5.55;4.92;5.38;196000000.0;4720000000.0;906245118.27;10251;1.35;130000000.0;622998;5.16
2018-09-14;5.38;5.53;5.13;5.22;149000000.0;4820000000.0;906245117.12;47347;1.36;81270000.0;617577;5.3
2018-09-15;5.22;5.52;5.21;5.34;111000000.0;4870000000.0;906245117.1;7803;1.36;44200000.0;803841;5.279999999999999
2018-09-16;5.34;5.49;5.18;5.4;102000000.0;4850000000.0;906245117.88;25881;1.36;47540000.0;714053;5.37
2018-09-17;5.41;5.48;4.67;4.84;184000000.0;4660000000.0;906245117.89;39668;1.15;74900000.0;824651;5.125
2018-09-18;4.84;5.26;4.77;5.05;223000000.0;4510000000.0;906245118.12;4505;1.12;74930000.0;966723;4.945
2018-09-19;5.05;5.34;4.92;5.24;413000000.0;4620000000.0;906245117.19;19222;1.12;58560000.0;991483;5.145
2018-09-20;5.24;5.88;5.19;5.75;256000000.0;4860000000.0;906245117.5;25517;1.1;82150000.0;9708;5.495
2018-09-21;5.75;6.21;5.63;6.19;398000000.0;5300000000.0;906245118.2;97594;1.12;148000000.0;1107356;5.970000000000001
2018-09-22;6.19;6.3;5.76;5.94;260000000.0;5410000000.0;906245116.9;93543;1.12;71370000.0;1129405;6.065
2018-09-23;5.93;6.15;5.81;6.02;192000000.0;5420000000.0;906245118.19;16627;1.11;46150000.0;1152990;5.975
2018-09-24;6.02;6.04;5.59;5.67;190000000.0;5230000000.0;906245117.15;36773;1.13;35670000.0;1052415;5.845
2018-09-25;5.67;5.68;5.0;5.41;603000000.0;4770000000.0;906245117.3;87588;1.14;94080000.0;1197181;5.54
2018-09-26;5.42;5.77;5.23;5.54;262000000.0;4970000000.0;906245117.14;20347;1.14;47870000.0;1130722;5.48
2018-09-27;5.54;5.96;5.35;5.82;475000000.0;5100000000.0;906245117.59;17113;1.11;59860000.0;903256;5.68
2018-09-28;5.82;6.03;5.65;5.75;546000000.0;5280000000.0;906245118.14;19688;1.11;94850000.0;909954;5.785
2018-09-29;5.74;5.83;5.44;5.74;226000000.0;5130000000.0;906245117.19;13534;1.11;75090000.0;1131483;5.74
2018-09-30;5.73;5.9;5.34;5.71;295000000.0;5140000000.0;906245117.81;2625;1.11;110000000.0;1288261;5.720000000000001
2018-10-01;5.71;5.83;5.5;5.71;231000000.0;5140000000.0;906245118.2;36941;1.09;63180000.0;1416553;5.71
2018-10-02;5.71;5.76;5.51;5.61;192000000.0;5110000000.0;906245117.7;75942;1.08;45960000.0;1883906;5.66
2018-10-03;5.59;5.66;5.42;5.58;205000000.0;5000000000.0;906245117.07;9974;1.08;57120000.0;1377687;5.585
2018-10-04;5.59;5.88;5.57;5.77;338000000.0;5150000000.0;906245118.01;72552;1.08;53340000.0;1472286;5.68
2018-10-05;5.78;5.88;5.64;5.8;298000000.0;5180000000.0;906245117.82;135788;1.08;55140000.0;1461415;5.79
2018-10-06;5.8;5.83;5.65;5.7;234000000.0;5180000000.0;906245118.27;210673;0.83;38250000.0;1668270;5.75
2018-10-07;5.69;5.77;5.6;5.73;188000000.0;5140000000.0;906245118.33;50542;0.83;33610000.0;2118262;5.710000000000001
2018-10-08;5.73;6.0;5.69;5.91;247000000.0;5280000000.0;906245118.36;19101;0.82;179000000.0;1876713;5.82
2018-10-09;5.91;5.95;5.8;5.87;197000000.0;5320000000.0;906245116.88;96135;0.79;67210000.0;2210216;5.890000000000001
2018-10-10;5.88;5.9;5.76;5.84;182000000.0;5280000000.0;906245117.67;83511;0.78;120000000.0;2020740;5.859999999999999
2018-10-11;5.88;5.88;4.96;5.04;382000000.0;4820000000.0;906245117.96;52655;0.93;123000000.0;1978872;5.46
2018-10-12;5.04;5.27;4.96;5.14;300000000.0;4640000000.0;906245117.87;56901;0.93;71310000.0;2330505;5.09
2018-10-13;5.13;5.29;5.1;5.23;154000000.0;4690000000.0;906245117.11;21361;0.93;72960000.0;2503599;5.18
2018-10-14;5.24;5.27;5.07;5.12;110000000.0;4680000000.0;906245118.41;13648;0.88;52020000.0;1986076;5.18
2018-10-15;5.13;5.76;5.05;5.45;385000000.0;4820000000.0;906245117.55;18317;0.9;144000000.0;1177049;5.29
2018-10-16;5.43;5.5;5.29;5.38;120000000.0;4840000000.0;906245117.43;8;0.9;123000000.0;1814330;5.404999999999999
2018-10-17;5.38;5.42;5.31;5.37;105000000.0;4840000000.0;906245118.31;20643;0.9;85960000.0;2593686;5.375
2018-10-18;5.37;5.49;5.24;5.32;119000000.0;4830000000.0;906245117.16;45919;0.82;54770000.0;3525586;5.345000000000001
2018-10-19;5.31;5.4;5.24;5.3;106000000.0;4790000000.0;906245117.72;45509;0.81;78130000.0;4329377;5.305
2018-10-20;5.31;5.44;5.27;5.34;94320000.0;4840000000.0;906245118;129272;0.8;99280000.0;3739962;5.324999999999999
2018-10-21;5.35;5.52;5.32;5.4;115000000.0;4910000000.0;906245117.19;99424;0.73;126000000.0;3708061;5.375
2018-10-22;5.4;5.47;5.31;5.35;124000000.0;4860000000.0;906245116.79;30217;0.68;104000000.0;3535491;5.375
2018-10-23;5.38;5.42;5.29;5.4;61610000.0;4840000000.0;906245116.81;35834;0.67;72160000.0;3611763;5.390000000000001
2018-10-24;5.39;5.44;5.31;5.34;57860000.0;4860000000.0;906245116.93;36189;0.67;77280000.0;4709812;5.365
2018-10-25;5.35;5.4;5.3;5.34;74960000.0;4830000000.0;906245117.78;36789;0.64;67890000.0;3771304;5.345
2018-10-26;5.34;5.42;5.29;5.35;215000000.0;4840000000.0;906245117.06;2909;0.62;78560000.0;4684851;5.345
2018-10-27;5.36;5.42;5.33;5.36;188000000.0;4850000000.0;906245117.67;1906;0.62;70750000.0;4521588;5.36
2018-10-28;5.37;5.41;5.34;5.39;131000000.0;4870000000.0;906245118.07;22375;0.59;106000000.0;4113607;5.38
2018-10-29;5.38;5.41;5.02;5.11;148000000.0;4720000000.0;906245116.8;29679;0.61;92370000.0;4019134;5.245
2018-10-30;5.11;5.15;5.05;5.11;81290000.0;4620000000.0;906245116.86;33093;0.61;90040000.0;3836278;5.11
2018-10-31;5.12;5.28;5.04;5.22;184000000.0;4670000000.0;906245117.31;37856;0.62;170000000.0;4486620;5.17
2018-11-01;5.21;5.27;5.19;5.25;79830000.0;4720000000.0;906245117.32;43684;0.62;90330000.0;4690299;5.23
2018-11-02;5.25;5.39;5.25;5.35;106000000.0;4820000000.0;906245117.97;42014;0.62;129000000.0;4898804;5.3
2018-11-03;5.34;5.35;5.27;5.3;88830000.0;4820000000.0;906245117.44;46973;0.62;75130000.0;4328081;5.32
2018-11-04;5.31;5.58;5.26;5.51;142000000.0;4900000000.0;906245117.22;81692;0.63;142000000.0;3996033;5.41
2018-11-05;5.51;5.52;5.38;5.46;285000000.0;4940000000.0;906245117.17;32934;0.63;122000000.0;4395419;5.484999999999999
2018-11-06;5.46;5.74;5.45;5.74;172000000.0;5070000000.0;906245118.42;30044;0.65;348000000.0;4240665;5.6
2018-11-07;5.74;5.8;5.58;5.63;149000000.0;5140000000.0;906245118.32;30158;0.65;158000000.0;4047880;5.6850000000000005
2018-11-08;5.63;5.66;5.46;5.48;149000000.0;5010000000.0;906245117.65;26256;0.65;162000000.0;4527130;5.555
2018-11-09;5.48;5.53;5.31;5.34;599000000.0;4920000000.0;906245116.95;94466;0.65;134000000.0;7101135;5.41
2018-11-10;5.36;5.41;5.33;5.37;301000000.0;4870000000.0;906245117.48;4648;0.65;118000000.0;7305228;5.365
2018-11-11;5.38;5.46;5.25;5.43;95080000.0;4830000000.0;906245116.86;31069;0.43;128000000.0;7995091;5.404999999999999
2018-11-12;5.44;5.47;5.33;5.38;189000000.0;4880000000.0;906245117.6;38384;0.43;118000000.0;7319436;5.41
2018-11-13;5.37;5.39;5.04;5.16;156000000.0;4770000000.0;906245117.03;65103;0.45;127000000.0;7018913;5.265000000000001
2018-11-14;5.18;5.24;4.36;4.6;383000000.0;4360000000.0;906245117.59;40274;0.58;245000000.0;5404547;4.89
2018-11-15;4.6;4.69;4.17;4.68;867000000.0;4059999999.9999995;906245117.17;18851;0.54;155000000.0;4450301;4.64
2018-11-16;4.68;4.71;4.44;4.52;246000000.0;4130000000.0;906245118.28;41465;0.54;463000000.0;5220412;4.6
2018-11-17;4.53;4.57;4.46;4.56;148000000.0;4080000000.0;906245116.72;44605;0.54;102000000.0;5616736;4.545
2018-11-18;4.56;4.65;4.5;4.59;93740000.0;4130000000.0;906245117.24;38208;0.54;132000000.0;5161205;4.574999999999999
2018-11-19;4.59;4.59;3.95;4.04;627000000.0;3770000000.0;906245116.84;6332;0.67;178000000.0;6287736;4.3149999999999995
2018-11-20;4.03;4.16;3.36;3.7;478000000.0;3390000000.0;906245116.66;37701;0.73;146000000.0;7747554;3.865
2018-11-21;3.7;3.87;3.54;3.78;243000000.0;3360000000.0;906245118.62;25905;0.74;202000000.0;7784264;3.74
2018-11-22;3.79;3.83;3.46;3.47;139000000.0;3350000000.0;906245117.78;2644;0.77;104000000.0;8130661;3.63
2018-11-23;3.47;3.67;3.34;3.57;228000000.0;3180000000.0;906245118.31;2459;0.78;118000000.0;7235145;3.52
2018-11-24;3.59;3.67;3.11;3.23;222000000.0;3110000000.0;906245118.51;92937;0.84;125000000.0;7107528;3.41
2018-11-25;3.22;3.45;2.99;3.32;347000000.0;2880000000.0;906245118.1;80832;0.85;203000000.0;7031162;3.27
2018-11-26;3.32;3.39;3.01;3.17;461000000.0;2920000000.0;906245117.64;51477;0.86;171000000.0;7138212;3.245
2018-11-27;3.17;3.17;2.79;2.98;226000000.0;2690000000.0;906245117.18;81177;0.86;123000000.0;6245134;3.075
2018-11-28;3.0;3.35;2.98;3.26;183000000.0;2850000000.0;906245118.58;241763;0.93;92480000.0;6456131;3.13
2018-11-29;3.26;3.28;2.88;3.0;422000000.0;2760000000.0;906245116.29;102253;0.94;119000000.0;6933771;3.13
2018-11-30;3.0;3.06;2.77;2.86;340000000.0;2610000000.0;906245118.17;86466;0.94;129000000.0;6156265;2.9299999999999997
2018-12-01;2.86;3.02;2.8;2.91;114000000.0;2630000000.0;906245118.57;6228;0.94;58030000.0;5821806;2.885
2018-12-02;2.92;3.01;2.79;2.84;213000000.0;2640000000.0;906245116.16;35058;0.94;93580000.0;6436589;2.88
2018-12-03;2.84;2.85;2.5;2.57;255000000.0;2450000000.0;906245116.54;63768;0.97;100000000.0;6439910;2.705
2018-12-04;2.57;2.62;2.28;2.44;193000000.0;2240000000.0;906245117.23;96894;0.97;97440000.0;6631478;2.505
2018-12-05;2.43;2.44;2.14;2.17;226000000.0;2069999999.9999998;906245118.06;32579;0.99;97050000.0;6975645;2.3
2018-12-06;2.16;2.24;1.81;1.82;240000000.0;1900000000.0;906245116.29;147751;1.06;93610000.0;6600769;1.9900000000000002
2018-12-07;1.83;1.85;1.53;1.73;532000000.0;1530000000.0;906245118.77;30371;1.03;144000000.0;6442157;1.78
2018-12-08;1.73;1.95;1.63;1.82;256000000.0;1610000000.0;906245118.66;43566;1.09;99510000.0;6621969;1.775
2018-12-09;1.82;2.13;1.73;2.0;214000000.0;1720000000.0;906245118.81;39303;1.17;79330000.0;7227552;1.9100000000000001
2018-12-10;2.01;2.07;1.88;1.9;187000000.0;1770000000.0;906245117.88;25431;1.17;88350000.0;6571730;1.9549999999999998
2018-12-11;1.91;1.93;1.76;1.83;135000000.0;1670000000.0;906245117.23;23573;1.16;97030000.0;6491261;1.87
2018-12-12;1.83;2.05;1.8;1.96;137000000.0;1740000000.0;906245118.16;21568;1.22;86780000.0;6218645;1.895
2018-12-13;1.96;1.98;1.81;1.84;135000000.0;1730000000.0;906245115.66;19527;1.22;91410000.0;6726936;1.9
2018-12-14;1.84;1.88;1.74;1.81;219000000.0;1640000000.0;906245116.32;19869;1.22;84980000.0;5858419;1.8250000000000002
2018-12-15;1.82;1.92;1.78;1.88;97030000.0;1650000000.0;906245116.69;22789;1.22;90820000.0;6120170;1.85
2018-12-16;1.88;1.98;1.86;1.91;130000000.0;1740000000.0;906245119.9;35435;1.22;78490000.0;4735056;1.895
2018-12-17;1.91;2.5;1.9;2.39;289000000.0;2000000000.0;906245117.56;18803;1.54;115000000.0;3596917;2.15
2018-12-18;2.39;2.71;2.36;2.65;390000000.0;2270000000.0;906245119.08;60457;1.6;583000000.0;4274601;2.52
2018-12-19;2.66;2.81;2.45;2.47;409000000.0;2370000000.0;906245116.26;168197;1.61;1290000000.0;6390915;2.5650000000000004
2018-12-20;2.47;2.81;2.44;2.74;373000000.0;2390000000.0;906245119.27;101077;1.62;589000000.0;5590763;2.6050000000000004
2018-12-21;2.73;2.83;2.5;2.62;895000000.0;2410000000.0;906245115.98;34407;1.6;155000000.0;5615823;2.675
2018-12-22;2.63;2.64;2.47;2.62;631000000.0;2310000000.0;906245117.31;34214;1.6;92810000.0;5359207;2.625
2018-12-23;2.63;2.99;2.6;2.81;291000000.0;2520000000.0;906245116.01;38769;1.6;102000000.0;5016091;2.7199999999999998
2018-12-24;2.82;3.15;2.76;2.78;399000000.0;2670000000.0;906245116.33;45531;1.6;109000000.0;5832797;2.8
2018-12-25;2.78;2.78;2.42;2.52;332000000.0;2300000000.0;906245117.08;73012;1.58;92560000.0;6225441;2.65
2018-12-26;2.53;2.7;2.48;2.59;253000000.0;2320000000.0;906245115.93;165063;1.58;89590000.0;6186930;2.5599999999999996
2018-12-27;2.58;2.61;2.27;2.3;222000000.0;2210000000.0;906245117.68;192931;1.61;71620000.0;5835971;2.44
2018-12-28;2.3;2.87;2.26;2.65;462000000.0;2260000000.0;906245117.39;6118;1.68;76690000.0;5476461;2.4749999999999996
2018-12-29;2.66;2.8;2.58;2.61;370000000.0;2410000000.0;906245117.99;58906;1.65;73880000.0;5630450;2.635
2018-12-30;2.62;2.7;2.51;2.68;434000000.0;2370000000.0;906245116.46;70608;1.64;56530000.0;5685662;2.6500000000000004
2018-12-31;2.68;2.69;2.46;2.55;422000000.0;2330000000.0;906245117.6;48614;1.64;56740000.0;5566999;2.615
2019-01-01;2.55;2.68;2.51;2.67;123000000.0;2330000000.0;906245117.8;54242;1.65;54300000.0;5802132;2.61
2019-01-02;2.66;2.92;2.62;2.88;175000000.0;2490000000.0;906245117.49;51187;1.67;78560000.0;5377137;2.77
2019-01-03;2.88;2.88;2.61;2.67;143000000.0;2480000000.0;906245119.08;13983;1.65;70470000.0;5812178;2.775
2019-01-04;2.67;2.77;2.6;2.72;149000000.0;2430000000.0;906245116.26;175963;1.64;65660000.0;5643870;2.6950000000000003
2019-01-05;2.72;2.79;2.68;2.7;128000000.0;2470000000.0;906245117.66;10637;1.59;61080000.0;6766712;2.71
2019-01-06;2.7;2.93;2.64;2.87;306000000.0;2500000000.0;906245118.57;55172;1.5;70620000.0;7174275;2.785
2019-01-07;2.88;2.9;2.73;2.77;142000000.0;2530000000.0;906245117.3;102766;1.48;69320000.0;7326410;2.825
2019-01-08;2.77;2.88;2.72;2.79;134000000.0;2520000000.0;906245119.05;166179;1.47;74450000.0;6841224;2.7800000000000002
2019-01-09;2.78;2.97;2.76;2.91;148000000.0;2570000000.0;906245116.52;121437;1.45;92780000.0;5904370;2.8449999999999998
2019-01-10;2.91;2.99;2.31;2.41;299000000.0;2380000000.0;906245118.95;162636;1.57;102000000.0;5795248;2.66
2019-01-11;2.41;2.46;2.33;2.39;145000000.0;2170000000.0;906245116.89;3488;1.56;66989999.99999999;5691535;2.4000000000000004
2019-01-12;2.39;2.45;2.38;2.41;156000000.0;2180000000.0;906245118.47;51776;1.54;46750000.0;5710175;2.4000000000000004
2019-01-13;2.41;2.43;2.21;2.24;104000000.0;2100000000.0;906245117.98;58236;1.54;46590000.0;5413284;2.325
2019-01-14;2.24;2.5;2.23;2.46;122000000.0;2140000000.0000002;906245119.37;173347;1.57;63930000.0;5357905;2.35
2019-01-15;2.47;2.49;2.34;2.38;118000000.0;2180000000.0;906245116.06;167265;1.57;69620000.0;5367320;2.425
2019-01-16;2.38;2.47;2.36;2.42;96800000.0;2180000000.0;906245115.87;3143;1.57;61840000.0;5331866;2.4
2019-01-17;2.43;2.53;2.36;2.5;484000000.0;2210000000.0;906245118.26;37621;1.33;56280000.0;5866799;2.465
2019-01-18;2.5;2.51;2.4;2.45;94390000.0;2220000000.0;906245117.82;32131;1.28;47100000.0;5816697;2.475
2019-01-19;2.44;2.54;2.43;2.47;85210000.0;2240000000.0;906245119.38;33589;1.26;51140000.0;5587437;2.455
2019-01-20;2.47;2.49;2.28;2.33;116000000.0;2150000000.0;906245118.18;81538;1.22;55370000.0;4690585;2.4000000000000004
2019-01-21;2.34;2.42;2.31;2.33;89960000.0;2120000000.0;906245119.25;59473;1.21;55470000.0;4953262;2.335
2019-01-22;2.33;2.51;2.27;2.44;128000000.0;2160000000.0;906245116.04;87605;1.22;62850000.0;5019651;2.385
2019-01-23;2.44;2.48;2.4;2.43;88860000.0;2200000000.0;906245116.95;122286;1.19;49160000.0;5631968;2.435
2019-01-24;2.43;2.47;2.39;2.45;89780000.0;2200000000.0;906245116.81;54641;1.19;51770000.0;5518593;2.4400000000000004
2019-01-25;2.45;2.47;2.4;2.44;82830000.0;2200000000.0;906245116.58;89942;1.17;61270000.0;6015649;2.4450000000000003
2019-01-26;2.43;2.48;2.4;2.41;119000000.0;2210000000.0;906245117.63;31808;1.16;52990000.0;6027251;2.42
2019-01-27;2.41;2.44;2.31;2.36;86070000.0;2160000000.0;906245116.65;74154;1.1;71930000.0;6191302;2.385
2019-01-28;2.35;2.36;2.16;2.23;325000000.0;2049999999.9999998;906245119.21;91318;1;66800000.0;6336534;2.29
2019-01-29;2.24;2.3;2.19;2.25;84860000.0;2029999999.9999998;906245117.55;55655;1;61290000.0;6117863;2.245
2019-01-30;2.25;2.35;2.23;2.33;79850000.0;2069999999.9999998;906245117.41;40754;1;52020000.0;6184354;2.29
2019-01-31;2.32;2.36;2.27;2.3;69630000.0;2089999999.9999998;906245116.08;39279;0.98;58570000.0;6382021;2.3099999999999996
2019-02-01;2.31;2.35;2.26;2.33;74220000.0;2089999999.9999998;906245119.51;36356;0.96;46020000.0;5852127;2.3200000000000003
2019-02-02;2.32;2.45;2.3;2.43;68390000.0;2120000000.0;906245118.87;42915;0.94;40600000.0;5970364;2.375
2019-02-03;2.44;2.45;2.33;2.36;75390000.0;2160000000.0;906245118.19;41557;0.91;47900000.0;5363373;2.4
2019-02-04;2.36;2.42;2.34;2.37;57100000.0;2150000000.0;906245115.95;38748;0.91;36180000.0;5290268;2.365
2019-02-05;2.36;2.38;2.34;2.37;151000000.0;2140000000.0000002;906245118.02;40764;0.91;30680000.0;4838584;2.365
2019-02-06;2.37;2.38;2.28;2.32;66970000.0;2089999999.9999998;906245115.73;38411;0.88;39010000.0;4814211;2.3449999999999998
2019-02-07;2.33;2.36;2.3;2.32;47950000.0;2109999999.9999998;906245118.04;39726;0.87;27940000.0;5193626;2.325
2019-02-08;2.32;2.79;2.31;2.72;198000000.0;2310000000.0;906245118.06;37814;1.05;60060000.0;4802863;2.52
2019-02-09;2.71;2.82;2.67;2.76;125000000.0;2470000000.0;906245117.18;39483;1.04;46200000.0;4737997;2.735
2019-02-10;2.76;2.86;2.64;2.84;132000000.0;2450000000.0;906245117.22;35953;0.85;41780000.0;4348230;2.8
2019-02-11;2.84;2.85;2.7;2.73;224000000.0;2480000000.0;906245118.92;100351;0.87;50340000.0;4392491;2.785
2019-02-12;2.73;3.01;2.69;2.93;150000000.0;2570000000.0;906245117.01;130585;0.9;69590000.0;4643305;2.83
2019-02-13;2.93;2.99;2.8;2.85;139000000.0;2610000000.0;906245118.67;131945;0.86;79260000.0;5004493;2.89
2019-02-14;2.84;2.88;2.7;2.73;203000000.0;2510000000.0;906245116.72;139076;0.81;60980000.0;5141407;2.785
2019-02-15;2.73;2.86;2.72;2.78;195000000.0;2510000000.0;906245118.49;76243;0.8;50850000.0;4878958;2.755
2019-02-16;2.78;2.88;2.76;2.77;82340000.0;2540000000.0;906245116.93;3769;0.8;42700000.0;5484851;2.775
2019-02-17;2.77;2.91;2.76;2.86;217000000.0;2550000000.0;906245116.2;91562;0.8;48870000.0;4930436;2.815
2019-02-18;2.87;3.51;2.85;3.48;336000000.0;2890000000.0;906245118.07;46264;1.02;127000000.0;4621347;3.175
2019-02-19;3.48;3.82;3.47;3.52;465000000.0;3260000000.0;906245118.67;43226;1.02;119000000.0;5056510;3.5
2019-02-20;3.53;3.94;3.47;3.9;718000000.0;3380000000.0;906245117.92;99708;1.04;145000000.0;4775765;3.715
2019-02-21;3.9;3.92;3.66;3.79;254000000.0;3400000000.0;906245117.63;44394;1.06;95470000.0;4435940;3.8449999999999998
2019-02-22;3.79;3.91;3.71;3.85;275000000.0;3460000000.0;906245117.99;78747;1.05;134000000.0;4665507;3.8200000000000003
2019-02-23;3.85;4.33;3.78;4.26;291000000.0;3620000000.0;906245117.9;87686;1.09;99690000.0;4621876;4.055
2019-02-24;4.26;4.47;3.43;3.54;578000000.0;3540000000.0;906245117.84;75342;1.09;141000000.0;4088193;3.9
2019-02-25;3.54;3.71;3.27;3.55;721000000.0;3210000000.0;906245118.18;79788;1.09;107000000.0;4557499;3.545
2019-02-26;3.54;3.57;3.3;3.44;308000000.0;3110000000.0;906245117.57;83456;1.1;80280000.0;4524447;3.49
2019-02-27;3.43;3.57;3.32;3.51;308000000.0;3130000000.0;906245116.33;81444;1.08;73900000.0;4286573;3.4699999999999998
2019-02-28;3.51;3.65;3.45;3.5;277000000.0;3210000000.0;906245117.84;44611;1.06;73940000.0;4286625;3.505
2019-03-01;3.5;3.68;3.4;3.46;278000000.0;3220000000.0;906245117.43;42456;1.06;57730000.0;4179879;3.48
2019-03-02;3.46;3.53;3.43;3.48;222000000.0;3150000000.0;906245117.32;35065;1.07;74320000.0;4114884;3.4699999999999998
2019-03-03;3.48;3.6;3.47;3.51;433000000.0;3190000000.0;906245116.69;71757;1.07;34560000.0;4264659;3.495
2019-03-04;3.51;3.54;3.12;3.23;335000000.0;2970000000.0;906245117.32;100463;1.11;97590000.0;4342931;3.37
2019-03-05;3.24;3.82;3.2;3.76;1420000000.0;3190000000.0;906245116.75;96491;1.2;95560000.0;4132272;3.5
2019-03-06;3.76;3.89;3.58;3.75;1000000000.0;3360000000.0;906245118.12;71841;1.19;68810000.0;4134411;3.755
2019-03-07;3.74;3.9;3.7;3.76;344000000.0;3420000000.0;906245118.1;76324;1.19;71280000.0;4172909;3.75
2019-03-08;3.76;3.79;3.46;3.57;330000000.0;3340000000.0;906245118.38;187721;1.21;93660000.0;4313543;3.665
2019-03-09;3.59;3.82;3.58;3.75;309000000.0;3360000000.0;906245116.54;45628;1.2;65390000.0;3842924;3.67
2019-03-10;3.75;3.76;3.65;3.7;190000000.0;3350000000.0;906245117.61;85228;1.21;52440000.0;4131609;3.725
2019-03-11;3.7;3.73;3.49;3.56;912000000.0;3250000000.0;906245116.7;79073;1.11;59940000.0;4311099;3.63
2019-03-12;3.56;3.69;3.43;3.64;198000000.0;3250000000.0;906245118.09;38502;1.11;58970000.0;4047689;3.6
2019-03-13;3.64;3.66;3.46;3.57;193000000.0;3230000000.0;906245118.42;49595;1.11;57230000.0;4052143;3.605
2019-03-14;3.56;3.65;3.47;3.57;193000000.0;3220000000.0;906245118.66;46954;1.1;63890000.0;4471043;3.565
2019-03-15;3.57;3.72;3.56;3.68;213000000.0;3290000000.0;906245118.74;89705;1.08;58760000.0;4645805;3.625
2019-03-16;3.68;3.84;3.67;3.8;249000000.0;3420000000.0;906245118.79;99527;1.07;64260000.00000001;4032771;3.74
2019-03-17;3.8;3.81;3.7;3.72;504000000.0;3390000000.0;906245116.94;73434;1.07;43330000.0;3869180;3.76
2019-03-18;3.73;3.8;3.67;3.7;156000000.0;3370000000.0;906245117.12;48261;1.07;53110000.0;4144488;3.715
2019-03-19;3.7;3.75;3.66;3.72;326000000.0;3350000000.0;906245118.15;41133;1.07;62000000.0;4192890;3.71
2019-03-20;3.72;3.74;3.53;3.71;207000000.0;3330000000.0;906245116.97;53678;1.07;67160000.0;4060061;3.715
2019-03-21;3.71;3.73;3.54;3.62;357000000.0;3300000000.0;906245116.9;40162;0.86;67069999.99999999;4381426;3.665
2019-03-22;3.62;3.66;3.57;3.62;431000000.0;3270000000.0;906245116.82;25828;0.86;62950000.0;4803151;3.62
2019-03-23;3.62;3.7;3.6;3.65;319000000.0;3300000000.0;906245117.23;70902;0.79;48980000.0;4749111;3.635
2019-03-24;3.65;3.66;3.58;3.62;425000000.0;3270000000.0;906245117.6;83372;0.78;44790000.0;4579325;3.635
2019-03-25;3.62;3.67;3.56;3.63;228000000.0;3280000000.0;906245116.78;68073;0.78;55940000.0;5473141;3.625
2019-03-26;3.63;3.75;3.59;3.73;208000000.0;3290000000.0;906245117.63;47702;0.7;69480000.0;5110994;3.6799999999999997
2019-03-27;3.73;4.34;3.71;4.26;1090000000.0;3690000000.0;906245118.11;50225;0.83;144000000.0;5732425;3.995
2019-03-28;4.26;4.33;4.17;4.24;324000000.0;3840000000.0;906245117.06;54283;0.83;98780000.0;5278931;4.25
2019-03-29;4.24;4.4;4.2;4.3;351000000.0;3890000000.0;906245118.54;74288;0.83;124000000.0;5442540;4.27
2019-03-30;4.31;4.34;3.99;4.15;536000000.0;3800000000.0;906245117.28;50678;0.84;137000000.0;5643712;4.23
2019-03-31;4.15;4.26;4.09;4.19;228000000.0;3770000000.0;906245116.64;44118;0.84;72260000.0;5664489;4.17
2019-04-01;4.19;4.26;4.14;4.2;268000000.0;3800000000.0;906245118.13;56139;0.84;80650000.0;5273011;4.195
2019-04-02;4.2;5.15;4.16;5.07;2390000000.0;4240000000.0;906245116.54;9438;1.07;157000000.0;5627873;4.635
2019-04-03;5.07;5.99;4.57;5.25;2440000000.0;4870000000.0;906245118.36;77122;1.07;175000000.0;5293439;5.16
2019-04-04;5.24;5.36;4.87;5.08;673000000.0;4670000000.0;906245117.12;9314;1.04;166000000.0;5350515;5.16
2019-04-05;5.09;5.38;5.09;5.35;401000000.0;4770000000.0;906245117.74;62197;0.93;103000000.0;4983243;5.22
2019-04-06;5.35;5.73;5.07;5.34;498000000.0;4900000000.0;906245117;67231;0.93;104000000.0;5499396;5.345
2019-04-07;5.34;5.54;5.26;5.45;414000000.0;4910000000.0;906245118.4;43987;0.93;86330000.0;4722060;5.395
2019-04-08;5.44;5.69;5.28;5.56;2150000000.0;4970000000.0;906245118.42;60357;0.91;174000000.0;5374650;5.5
2019-04-09;5.55;5.68;5.35;5.57;1440000000.0;5010000000.0;906245118.36;57171;0.9;153000000.0;5498514;5.5600000000000005
2019-04-10;5.57;6.03;5.55;5.85;1160000000.0;5290000000.0;906245118.23;110109;0.91;162000000.0;5482015;5.71
2019-04-11;5.86;5.86;5.1;5.31;760000000.0;4920000000.0;906245117.52;119687;0.96;206000000.0;5425272;5.585
2019-04-12;5.31;5.47;5.09;5.37;409000000.0;4810000000.0;906245116.79;58179;0.96;103000000.0;5470702;5.34
2019-04-13;5.37;5.43;5.23;5.32;489000000.0;4830000000.0;906245118.07;48211;0.96;69730000.0;5088175;5.345000000000001
2019-04-14;5.32;5.61;5.24;5.58;273000000.0;4860000000.0;906245117.65;45576;0.97;68540000.0;5279225;5.45
2019-04-15;5.58;5.63;5.23;5.33;380000000.0;4950000000.0;906245118.17;51028;0.98;99880000.0;5694528;5.455
2019-04-16;5.33;5.55;5.29;5.53;290000000.0;4890000000.0;906245117.71;4968;0.98;77340000.0;5246057;5.43
2019-04-17;5.53;5.59;5.38;5.45;775000000.0;4950000000.0;906245117.47;49701;0.98;84780000.0;5393934;5.49
2019-04-18;5.45;5.58;5.44;5.5;266000000.0;4980000000.0;906245118.04;85652;0.98;82990000.0;5679894;5.475
2019-04-19;5.49;5.51;5.37;5.49;222000000.0;4940000000.0;906245117.39;51962;0.98;90900000.0;5018033;5.49
2019-04-20;5.49;5.54;5.4;5.46;202000000.0;4950000000.0;906245117.75;50592;0.98;63430000.0;4644984;5.475
2019-04-21;5.46;5.48;4.99;5.24;328000000.0;4730000000.0;906245118.01;47837;0.99;90470000.0;4698471;5.35
2019-04-22;5.24;5.35;5.13;5.25;654000000.0;4740000000.0;906245118.41;54559;0.99;77040000.0;5201596;5.245
2019-04-23;5.25;5.41;5.11;5.14;508000000.0;4980000000.0;942755321.12;59511;1;99250000.0;5291919;5.195
2019-04-24;5.14;5.18;4.59;4.81;423000000.0;4600000000.0;942895101.81;74232;1.03;110000000.0;5490741;4.975
2019-04-25;4.81;4.87;4.48;4.55;584000000.0;4450000000.0;943034898.79;76717;1.05;101000000.0;5367466;4.68
2019-04-26;4.55;4.81;4.47;4.69;341000000.0;4340000000.0;943174728.26;76463;1.05;123000000.0;5333723;4.62
2019-04-27;4.7;4.75;4.62;4.66;155000000.0;4390000000.0;943314564.08;77652;0.96;124000000.0;5277825;4.68
2019-04-28;4.66;4.78;4.59;4.65;167000000.0;4400000000.0;943454420.83;88049;0.96;87340000.0;5160814;4.655
2019-04-29;4.66;4.75;4.41;4.49;219000000.0;4269999999.9999995;943594295.41;84021;0.96;173000000.0;5257374;4.575
2019-04-30;4.5;4.85;4.47;4.82;234000000.0;4360000000.0;943734189.96;68708;0.97;152000000.0;5218435;4.66
2019-05-01;4.82;4.88;4.64;4.74;189000000.0;4470000000.0;943874102.13;59;0.98;102000000.0;4508793;4.78
2019-05-02;4.75;4.81;4.62;4.73;216000000.0;4430000000.0;944014034.68;52082;0.98;94000000.0;4314735;4.74
2019-05-03;4.76;5.17;4.72;5.04;346000000.0;4660000000.0;944153984.66;59265;0.72;146000000.0;4468292;4.9
2019-05-04;5.04;5.16;4.78;4.94;313000000.0;4640000000.0;944293951.4;66065;0.71;86310000.0;4253422;4.99
2019-05-05;4.94;4.99;4.81;4.88;201000000.0;4610000000.0;944433938.09;49805;0.7;68460000.0;5129962;4.91
2019-05-06;4.88;4.97;4.62;4.88;286000000.0;4500000000.0;944573944.6;53945;0.68;86160000.0;5133135;4.88
2019-05-07;4.88;5.06;4.8;4.83;299000000.0;4640000000.0;944713968.76;55887;0.68;81930000.0;5786685;4.855
2019-05-08;4.79;4.92;4.72;4.9;205000000.0;4560000000.0;944854012.5;50651;0.68;117000000.0;5422652;4.845000000000001
2019-05-09;4.89;5.0;4.76;4.83;213000000.0;4420000000.0;910818671.81;49422;0.67;66060000.0;5193503;4.859999999999999
2019-05-10;4.83;4.95;4.55;4.8;800000000.0;4370000000.0;910954173.55;62798;0.67;70270000.0;5165513;4.8149999999999995
2019-05-11;4.8;5.8;4.8;5.46;549000000.0;4810000000.0;911089692.05;574;0.82;112000000.0;5108717;5.13
2019-05-12;5.48;5.74;5.22;5.33;460000000.0;4990000000.0;911225228.58;47369;0.77;93840000.0;5086530;5.405
2019-05-13;5.33;5.8;5.29;5.53;1010000000.0;5050000000.0;911360782.68;46087;0.77;123000000.0;4805953;5.43
2019-05-14;5.53;6.23;5.51;6.02;594000000.0;5380000000.0;911496355.84;60329;0.83;152000000.0;4998091;5.775
2019-05-15;6.05;6.56;5.96;6.47;517000000.0;5680000000.0;911631946.55;4954;0.85;171000000.0;4961553;6.26
2019-05-16;6.48;6.91;6.24;6.5;1050000000.0;6000000000.0;911767555.19;45977;0.83;181000000.0;5243000;6.49
2019-05-17;6.5;6.59;5.66;6.05;1580000000.0;5440000000.0;911903182.23;46232;0.86;184000000.0;5117729;6.275
2019-05-18;6.05;6.09;5.83;5.89;260000000.0;5430000000.0;912038828.55;41255;0.87;96820000.0;4927787;5.97
2019-05-19;5.88;6.6;5.87;6.49;1130000000.0;5740000000.0;912174490.75;40254;0.93;126000000.0;5021426;6.1850000000000005
2019-05-20;6.49;6.49;5.99;6.26;358000000.0;5690000000.0;912310171.79;44597;0.94;118000000.0;5116787;6.375
2019-05-21;6.26;6.4;6.11;6.29;308000000.0;5720000000.0;912445873.02;40118;0.94;117000000.0;5347092;6.275
2019-05-22;6.29;6.37;5.78;5.94;331000000.0;5630000000.0;912581591.74;44384;0.95;160000000.0;5091165;6.115
2019-05-23;5.92;6.12;5.73;6.04;1140000000.0;5390000000.0;912717327.33;50052;0.95;146000000.0;5080030;5.98
2019-05-24;6.04;6.62;5.98;6.43;384000000.0;5780000000.0;912853081.64;41103;0.97;172000000.0;4760000;6.234999999999999
2019-05-25;6.43;6.56;6.3;6.39;290000000.0;5870000000.0;912988855.85;39576;0.94;148000000.0;4709314;6.41
2019-05-26;6.39;6.99;6.23;6.95;400000000.0;6020000000.0;913124580.94;72771;0.94;117000000.0;4804066;6.67
2019-05-27;6.98;8.23;6.87;8.03;772000000.0;6820000000.0;913260389.12;78056;1.05;306000000.0;5483488;7.505
2019-05-28;8.03;8.23;7.65;8.09;2880000000.0;7310000000.0;916696214.17;67231;1.05;277000000.0;5086664;8.059999999999999
2019-05-29;8.08;8.25;7.54;7.98;528000000.0;7310000000.0;916832058.38;46774;1.05;192000000.0;5172885;8.030000000000001
2019-05-30;7.99;8.51;6.83;7.3;5240000000.0;7200000000.0;916967919.75;77806;1.1;261000000.0;5159796;7.645
2019-05-31;7.29;8.7;7.18;8.57;1450000000.0;7190000000.0;917103842.07;115834;1.21;409000000.0;5205541;7.93
2019-06-01;8.56;8.64;7.42;7.72;953000000.0;7530000000.0;917239740.96;45532;1.27;289000000.0;5202585;8.14
2019-06-02;7.72;7.99;7.48;7.73;617000000.0;7110000000.0;917375657.5;81144;1.27;214000000.0;4864157;7.725
2019-06-03;7.73;7.74;6.56;6.68;678000000.0;6680000000.0;917511590.24;432;1.36;272000000.0;5096815;7.205
2019-06-04;6.65;6.87;6.03;6.28;611000000.0;5960000000.0;917647543.85;66284;1.37;213000000.0;5603629;6.465
2019-06-05;6.29;6.53;6.15;6.43;713000000.0;5820000000.0;917783515.31;73074;1.37;146000000.0;5827642;6.359999999999999
2019-06-06;6.42;6.47;5.93;6.37;656000000.0;5750000000.0;917919505.28;40089;1.37;117000000.0;5658361;6.395
2019-06-07;6.38;6.81;6.31;6.65;348000000.0;5990000000.0;918055511.89;64017;1.38;132000000.0;5537268;6.515000000000001
2019-06-08;6.64;6.7;6.22;6.37;296000000.0;5920000000.0;918191538.51;63273;1.38;96140000.0;5520864;6.505
2019-06-09;6.37;6.5;5.98;6.15;312000000.0;5720000000.0;918327582.22;38697;1.39;97920000.0;5334606;6.26
2019-06-10;6.14;6.53;6.05;6.46;587000000.0;5780000000.0;918463644.26;64362;1.39;123000000.0;5365628;6.3
2019-06-11;6.47;6.51;6.15;6.34;276000000.0;5800000000.0;918599725.56;64585;1.32;106000000.0;5793926;6.404999999999999
2019-06-12;6.34;6.46;6.23;6.45;312000000.0;5840000000.0;918735824.37;37969;1.31;114000000.0;5554180;6.395
2019-06-13;6.46;6.65;6.39;6.47;315000000.0;6000000000.0;918871941.46;64452;1.31;197000000.0;5573213;6.465
2019-06-14;6.48;6.58;6.37;6.58;510000000.0;5920000000.0;919008077.32;63344;1.28;195000000.0;5314705;6.53
2019-06-15;6.57;6.97;6.55;6.92;1260000000.0;6200000000.0;919144230.99;38805;1.27;181000000.0;5331132;6.745
2019-06-16;6.92;7.23;6.81;6.99;415000000.0;6460000000.0;919280401.92;6172;1.27;192000000.0;5323042;6.955
2019-06-17;7.0;7.27;6.97;7.14;341000000.0;6530000000.0;919416592.38;56983;1.24;127000000.0;5759862;7.07
2019-06-18;7.15;7.17;6.63;6.78;1020000000.0;6350000000.0;919548217.31;3996;1.26;102000000.0;6203142;6.965
2019-06-19;6.79;6.97;6.75;6.87;1070000000.0000001;6300000000.0;919689027.21;83275;1.21;105000000.0;6205714;6.83
2019-06-20;6.88;6.91;6.7;6.85;257000000.0;6260000000.0;919825272.66;96878;1.21;107000000.0;6443681;6.865
2019-06-21;6.85;7.15;6.85;7.05;376000000.0;6450000000.0;919961535.78;44388;1.21;129000000.0;6621105;6.949999999999999
2019-06-22;7.06;7.59;7.02;7.48;589000000.0;6730000000.0;920097817.87;444;1.2;174000000.0;6047776;7.27
2019-06-23;7.48;7.6;7.15;7.23;367000000.0;6810000000.0;920234118.29;42143;1.21;141000000.0;6163201;7.355
2019-06-24;7.23;7.25;6.99;7.24;302000000.0;6580000000.0;920365887.67;75663;1.2;132000000.0;5934995;7.235
2019-06-25;7.24;7.31;6.93;7.14;329000000.0;6560000000.0;920502229.03;72624;1.2;181000000.0;6301396;7.1899999999999995
2019-06-26;7.13;7.4;6.0;6.71;788000000.0;6410000000.0;920638593.64;92998;1.18;255000000.0;6335618;6.92
2019-06-27;6.71;6.78;5.54;5.87;733000000.0;5680000000.0;920774975.35;93865;1.13;213000000.0;6071408;6.29
2019-06-28;5.87;6.25;5.64;6.19;470000000.0;5470000000.0;920911374.82;51274;1.14;165000000.0;5797399;6.03
2019-06-29;6.18;6.38;5.93;6.32;324000000.0;5650000000.0;921047787.5;39406;1.15;93620000.0;5942852;6.25
2019-06-30;6.33;6.39;5.64;5.74;334000000.0;5540000000.0;921184220.39;40805;1.15;86050000.0;5894569;6.035
2019-07-01;5.75;6.06;5.53;6.03;359000000.0;5330000000.0;921320681.76;62908;0.99;125000000.0;5345126;5.890000000000001
2019-07-02;6.03;6.13;5.56;5.9;372000000.0;5350000000.0;921457148.69;148774;0.94;110000000.0;5733906;5.965
2019-07-03;5.91;6.12;5.83;6.06;293000000.0;5490000000.0;921595176.35;61508;0.95;124000000.0;6046160;5.984999999999999
2019-07-04;6.07;6.09;5.64;5.72;256000000.0;5450000000.0;921731753.51;41383;0.86;290000000.0;6441256;5.895
2019-07-05;5.71;5.9;5.67;5.75;655000000.0;5310000000.0;921868353.01;38414;0.84;64640000.0;5413532;5.73
2019-07-06;5.75;6.01;5.72;5.77;412000000.0;5380000000.0;922004900.63;35434;0.84;66260000.00000001;6491294;5.76
2019-07-07;5.76;6.08;5.74;5.96;169000000.0;5420000000.0;922141468.48;36972;0.85;44910000.0;6760752;5.859999999999999
2019-07-08;5.96;6.04;5.85;5.96;191000000.0;5480000000.0;922278076.85;3886;0.83;102000000.0;6447119;5.96
2019-07-09;5.96;6.04;5.84;5.9;205000000.0;5480000000.0;922417273.35;210877;0.82;83760000.0;6665527;5.93
2019-07-10;5.9;5.93;5.02;5.26;338000000.0;5060000000.0;922551452.45;52997;0.88;147000000.0;5307317;5.58
2019-07-11;5.26;5.26;4.37;4.69;444000000.0;4340000000.0;922688140.47;37777;0.93;138000000.0;5396791;4.975
2019-07-12;4.69;4.87;4.6;4.8;224000000.0;4400000000.0;922824786.72;239061;0.94;99900000.0;6545373;4.745
2019-07-13;4.8;4.84;4.57;4.75;554000000.0;4350000000.0;922961553.22;36292;0.93;51220000.0;5978299;4.775
2019-07-14;4.77;4.77;4.04;4.11;539000000.0;4070000000.0000005;923098285.26;41495;1.02;69660000.0;6962898;4.4399999999999995
2019-07-15;4.11;4.43;3.98;4.3;295000000.0;3920000000.0;923235085.05;52832;1.04;92410000.0;7569610;4.205
2019-07-16;4.29;4.36;3.32;3.66;427000000.0;3560000000.0;923371844.87;85634;1.11;113000000.0;7314208;3.975
2019-07-17;3.66;4.12;3.52;3.84;386000000.0;3510000000.0;923508633.55;73193;1.13;98070000.0;7914514;3.75
2019-07-18;3.84;4.24;3.75;4.11;277000000.0;3680000000.0;923645400.2;79543;1.16;80660000.0;5909587;3.975
2019-07-19;4.11;4.16;3.79;4.05;183000000.0;3700000000.0;923782248.7;35809;1.15;73090000.0;6472677;4.08
2019-07-20;4.05;4.48;4.0;4.31;213000000.0;3940000000.0;923920990.37;34474;1.18;65269999.99999999;5938605;4.18
2019-07-21;4.31;4.35;4.15;4.33;155000000.0;3940000000.0;924055943.21;27419;1.18;47300000.0;5398554;4.32
2019-07-22;4.33;4.41;3.94;4.12;171000000.0;3870000000.0;924192815.34;50898;1.18;53460000.0;6031040;4.225
2019-07-23;4.12;4.27;3.95;4.15;181000000.0;3800000000.0;924329709.39;53078;1.15;58390000.0;6141361;4.135
2019-07-24;4.15;4.64;4.0;4.59;343000000.0;4000000000.0;924466663.57;51024;1.22;91940000.0;5124627;4.37
2019-07-25;4.59;4.71;4.43;4.57;228000000.0;4240000000.0;924603598.91;56522;1.22;75660000.0;5993169;4.58
2019-07-26;4.56;4.71;4.42;4.62;180000000.0;4219999999.9999995;924740580.92;55494;1.22;263000000.0;5785234;4.59
2019-07-27;4.62;4.78;4.16;4.27;253000000.0;4090000000.0;924877581.69;26592;1.23;67160000.0;5458421;4.445
2019-07-28;4.27;4.34;3.86;4.27;185000000.0;3870000000.0;925014617.64;27149;1.17;45690000.0;5460206;4.27
2019-07-29;4.28;4.39;4.1;4.21;158000000.0;3900000000.0;925151605.11;81694;1.15;47000000.0;5734030;4.245
2019-07-30;4.21;4.31;4.12;4.2;119000000.0;3880000000.0;925288667.59;51598;1.15;88380000.0;5516635;4.205
2019-07-31;4.2;4.45;4.2;4.42;131000000.0;3980000000.0;925425789.98;51266;1.13;64330000.0;5795869;4.3100000000000005
2019-08-01;4.43;4.44;4.21;4.31;103000000.0;3980000000.0;925562998.51;37913;1.11;48470000.0;5817102;4.369999999999999
2019-08-02;4.31;4.35;4.04;4.18;398000000.0;3930000000.0;925700227.36;244128;1.11;68690000.0;5321771;4.244999999999999
2019-08-03;4.18;4.37;4.17;4.29;263000000.0;3960000000.0;925837473.48;32638;1.11;42480000.0;4950683;4.234999999999999
2019-08-04;4.29;4.31;4.18;4.23;154000000.0;3920000000.0;925974737.62;30308;1.1;39620000.0;4638321;4.26
2019-08-05;4.23;4.58;4.23;4.45;298000000.0;4080000000.0;926112020.4;60779;1.12;75250000.0;5350007;4.34
2019-08-06;4.46;4.5;4.04;4.18;326000000.0;4000000000.0;926249322.98;54643;1.13;229000000.0;4528097;4.32
2019-08-07;4.18;4.29;4.13;4.22;535000000.0;3900000000.0;926385574.88;56419;1.13;53760000.0;4949861;4.199999999999999
2019-08-08;4.23;4.23;4.07;4.16;91500000.0;3860000000.0;926522738.27;3529;1.13;60660000.0;5139148;4.195
2019-08-09;4.17;4.18;3.78;3.9;146000000.0;3680000000.0;926659905.94;30796;1.14;63150000.0;5322539;4.035
2019-08-10;3.91;4.14;3.82;4.06;515000000.0;3710000000.0;926797205.89;30071;1.11;45720000.0;4883450;3.985
2019-08-11;4.06;4.26;4.05;4.2;270000000.0;3850000000.0;926934433.88;35103;1.06;42460000.0;4578852;4.13
2019-08-12;4.2;4.2;4.07;4.13;63590000.0;3830000000.0;927071820.14;57304;1.05;38320000.0;4493044;4.165
2019-08-13;4.13;4.14;3.94;4.07;282000000.0;3750000000.0;927209105.36;59889;1.05;45110000.0;5521601;4.1
2019-08-14;4.07;4.11;3.55;3.67;223000000.0;3540000000.0;927346447.91;61882;1.01;75630000.0;5257629;3.87
2019-08-15;3.67;3.71;3.29;3.62;738000000.0;3300000000.0;927483731.28;2918;0.99;106000000.0;5249437;3.645
2019-08-16;3.62;3.66;3.48;3.59;382000000.0;3310000000.0;927621108.26;61871;0.85;56380000.0;5268786;3.605
2019-08-17;3.59;3.61;3.49;3.56;60200000.0;3300000000.0;927758458.58;30761;0.83;31140000.0;4969391;3.575
2019-08-18;3.56;3.77;3.51;3.7;224000000.0;3390000000.0;927895856.97;31454;0.8;33570000.0;4749366;3.63
2019-08-19;3.69;3.8;3.65;3.72;81010000.0;3450000000.0;928033271.85;87483;0.8;40300000.0;5388191;3.705
2019-08-20;3.73;3.73;3.6;3.68;54040000.0;3400000000.0;928170714.36;5653;0.77;56960000.0;5121865;3.705
2019-08-21;3.68;3.69;3.35;3.51;210000000.0;3270000000.0;928308125.49;68651;0.78;39600000.0;5569694;3.5949999999999998
2019-08-22;3.51;3.71;3.45;3.64;154000000.0;3330000000.0;928445548.86;9502;0.78;40170000.0;5486088;3.575
2019-08-23;3.64;3.78;3.6;3.68;152000000.0;3420000000.0;928578248.29;84745;0.78;43950000.0;5472853;3.66
2019-08-24;3.68;3.69;3.55;3.67;60470000.0;3370000000.0;928717932.49;59494;0.68;30080000.0;4928837;3.675
2019-08-25;3.67;3.69;3.46;3.55;71510000.0;3330000000.0;928853289.36;50699;0.69;30320000.0;4997492;3.61
2019-08-26;3.55;3.7;3.53;3.58;407000000.0;3360000000.0;928991810.91;68008;0.69;41210000.0;5496906;3.565
2019-08-27;3.58;3.59;3.48;3.54;45110000.0;3290000000.0;929130448.02;50654;0.64;38100000.0;5735620;3.56
2019-08-28;3.55;3.56;3.09;3.25;213000000.0;3120000000.0;929269199.04;115165;0.7;44790000.0;5932942;3.4
2019-08-29;3.25;3.27;3.05;3.2;184000000.0;2970000000.0;929403239.93;69323;0.7;141000000.0;5977936;3.225
2019-08-30;3.2;3.29;3.16;3.21;148000000.0;3000000000.0;929540792.72;68091;0.7;38810000.0;5453075;3.205
2019-08-31;3.21;3.41;3.19;3.33;138000000.0;3030000000.0;929678368.95;316;0.68;31930000.0;5392956;3.27
2019-09-01;3.32;3.34;3.1;3.27;63180000.0;3030000000.0;929815971.16;31576;0.68;26340000.0;5408383;3.295
2019-09-02;3.27;3.38;3.22;3.33;60690000.0;3060000000.0;929953582.38;65362;0.68;34630000.0;5767174;3.3
2019-09-03;3.33;3.47;3.3;3.36;240000000.0;3140000000.0;930091219;10879;0.67;48510000.0;6191815;3.3449999999999998
2019-09-04;3.36;3.37;3.27;3.31;55590000.0;3100000000.0;930228871.53;61265;0.67;45370000.0;6117979;3.335
2019-09-05;3.31;3.33;3.2;3.27;109000000.0;3040000000.0;930366543.83;74453;0.64;34010000.0;5630504;3.29
2019-09-06;3.27;3.39;3.11;3.22;173000000.0;3040000000.0;930504227.76;77696;0.61;38120000.0;5812950;3.245
2019-09-07;3.21;3.68;3.2;3.57;252000000.0;3210000000.0;930641924.2;35884;0.73;58630000.0;6051555;3.3899999999999997
2019-09-08;3.57;3.82;3.51;3.79;157000000.0;3420000000.0;930779643.5;34838;0.76;61310000.0;5531012;3.6799999999999997
2019-09-09;3.79;3.97;3.61;3.88;535000000.0;3550000000.0;930917383.32;77688;0.73;86180000.0;5831126;3.835
2019-09-10;3.88;3.92;3.65;3.78;330000000.0;3540000000.0;931055723.52;79234;0.73;76400000.0;6393366;3.83
2019-09-11;3.77;3.81;3.64;3.75;105000000.0;3460000000.0;931194929.14;77732;0.72;143000000.0;6178492;3.76
2019-09-12;3.76;3.79;3.67;3.75;70550000.0;3470000000.0;931335104.96;101984;0.71;45790000.0;5635679;3.755
2019-09-13;3.75;3.75;3.68;3.73;74920000.0;3460000000.0;931467168.64;321;0.71;27710000.0;5553639;3.74
2019-09-14;3.73;4.11;3.69;4.03;328000000.0;3650000000.0;931605087.81;95331;0.68;51810000.0;5681313;3.88
2019-09-15;4.03;4.15;4.01;4.08;112000000.0;3790000000.0;931743026.33;99739;0.68;47720000.0;5668198;4.055
2019-09-16;4.08;4.16;3.94;4.09;388000000.0;3780000000.0;931880981.95;101876;0.68;47990000.0;5575534;4.085
2019-09-17;4.09;4.24;4.03;4.06;239000000.0;3840000000.0;932018956.66;130926;0.68;55920000.0;5672552;4.074999999999999
2019-09-18;4.06;4.17;4.05;4.08;661000000.0;3830000000.0;932156948.28;97463;0.67;89570000.0;6070150;4.07
2019-09-19;4.08;4.09;3.8;3.97;347000000.0;3650000000.0;932294960.35;161982;0.68;94060000.0;5440474;4.025
2019-09-20;3.97;4.04;3.83;4.01;93840000.0;3650000000.0;932432988.49;72015;0.68;96840000.0;6795842;3.99
2019-09-21;4.01;4.07;3.95;4.0;105000000.0;3740000000.0;932571037.7;3321;0.65;42830000.0;6808333;4.005
2019-09-22;4.0;4.0;3.74;3.81;110000000.0;3600000000.0;932709104.14;43219;0.67;33180000.0;7174203;3.9050000000000002
2019-09-23;3.81;3.86;3.66;3.69;268000000.0;3530000000.0;932847190.47;122822;0.68;53510000.0;7717736;3.75
2019-09-24;3.68;3.72;2.4;2.77;1150000000.0;2950000000.0;932986429.27;75282;1.08;83920000.0;6048653;3.225
2019-09-25;2.78;2.95;2.69;2.87;503000000.0;2650000000.0;933124467.49;76018;1.08;161000000.0;5579845;2.825
2019-09-26;2.87;2.87;2.59;2.78;175000000.0;2580000000.0;933264635.16;70929;1.09;67510000.0;5348270;2.825
2019-09-27;2.78;2.88;2.7;2.84;106000000.0;2590000000.0;933402710.53;6488;1.09;49480000.0;5948450;2.8099999999999996
2019-09-28;2.83;2.88;2.78;2.83;77420000.0;2640000000.0;933540800.53;586;1.06;28690000.0;5470134;2.83
2019-09-29;2.83;2.84;2.68;2.78;77490000.0;2580000000.0;933678908.48;58703;1.06;35510000.0;5509773;2.8049999999999997
2019-09-30;2.79;3.04;2.72;2.97;126000000.0;2690000000.0;933817036.04;58065;1.08;42200000.0;5852960;2.88
2019-10-01;2.97;3.12;2.86;2.94;139000000.0;2800000000.0;933955183.34;97186;1.08;42950000.0;5641509;2.955
2019-10-02;2.94;3.04;2.89;3.01;72350000.0;2770000000.0;934093344.94;51245;1.08;30140000.0;3992812;2.9749999999999996
2019-10-03;3.01;3.02;2.82;2.93;178000000.0;2740000000.0;934231528.46;35066;1.08;30980000.0;3650154;2.9699999999999998
2019-10-04;2.93;3.09;2.88;3.01;219000000.0;2790000000.0;934369732.31;53147;1.08;46360000.0;6215789;2.9699999999999998
2019-10-05;3.01;3.04;2.93;2.99;202000000.0;2780000000.0;934507952.37;87952;1.08;45300000.0;4121148;3.0
2019-10-06;3.0;3.01;2.84;2.91;146000000.0;2740000000.0;934646190.85;53812;1.09;23520000.0;3491170;2.955
2019-10-07;2.91;3.26;2.9;3.18;138000000.0;2880000000.0;934784445.62;35995;1.13;49680000.0;3767118;3.045
2019-10-08;3.19;3.25;3.11;3.16;71110000.0;2970000000.0;934922721.88;106115;1.07;42000000.0;4200609;3.175
2019-10-09;3.16;3.32;3.11;3.24;123000000.0;3010000000.0;935061015.51;255589;1.05;52190000.0;4778653;3.2
2019-10-10;3.24;3.25;3.04;3.12;96930000.0;2940000000.0;935199328.15;252447;1.05;39380000.0;5677034;3.18
2019-10-11;3.12;3.21;3.03;3.06;101000000.0;2900000000.0;935337659.29;271167;1.05;37530000.0;5964837;3.09
2019-10-12;3.06;3.15;3.04;3.07;61500000.0;2890000000.0;935476008.87;35155;1.05;26930000.0;6051172;3.065
2019-10-13;3.07;3.14;3.04;3.1;145000000.0;2900000000.0;935614379.65;129246;1.05;24160000.0;5570442;3.085
2019-10-14;3.1;3.2;3.1;3.16;118000000.0;2940000000.0;935752764.66;354742;1.06;41720000.0;5962085;3.13
2019-10-15;3.17;3.17;2.81;2.97;201000000.0;2820000000.0;935891170.12;150948;1.03;52260000.0;5701971;3.0700000000000003
2019-10-16;2.96;2.99;2.85;2.93;10150000.0;2730000000.0;936029595.56;422258;1.03;39030000.0;5574924;2.9450000000000003
2019-10-17;2.92;2.97;2.88;2.95;46580000.0;2740000000.0;936169298.94;441073;1.03;37830000.0;7413730;2.935
2019-10-18;2.95;2.95;2.71;2.88;380000000.0;2670000000.0;936306498.65;116789;1.03;61960000.0;5679507;2.915
2019-10-19;2.88;2.92;2.83;2.87;46290000.0;2690000000.0;936445162.35;32809;1.03;52680000.0;5606921;2.875
2019-10-20;2.87;2.94;2.82;2.93;167000000.0;2700000000.0;936583856.69;21494;1.03;56200000.0;5196213;2.9000000000000004
2019-10-21;2.93;2.98;2.87;2.93;129000000.0;2740000000.0;936722561.42;122342;1.03;68080000.0;5506166;2.93
2019-10-22;2.93;3.03;2.85;2.89;83010000.0;2760000000.0;936861290.74;132836;1.03;52950000.0;6140228;2.91
2019-10-23;2.89;2.91;2.54;2.72;227000000.0;2610000000.0;937000035.53;44707;1.04;70270000.0;6122989;2.805
2019-10-24;2.72;2.78;2.66;2.73;61810000.0;2550000000.0;937138820.52;72016;1.04;48460000.0;4529831;2.725
2019-10-25;2.73;3.34;2.72;3.18;481000000.0;2840000000.0;937276244.62;77488;0.83;69530000.0;4369231;2.955
2019-10-26;3.19;3.57;2.98;3.14;659000000.0;3050000000.0;937414855.13;28177;0.82;76190000.0;4579757;3.165
2019-10-27;3.14;3.5;3.08;3.34;338000000.0;3080000000.0;937553487.27;32868;0.84;57570000.0;4438077;3.24
2019-10-28;3.34;3.55;3.25;3.31;146000000.0;3170000000.0;937692131.51;405499;0.84;133000000.0;5116193;3.325
2019-10-29;3.29;3.47;3.28;3.41;181000000.0;3170000000.0;937830791.01;92366;0.84;72050000.0;4958648;3.35
2019-10-30;3.41;3.42;3.19;3.27;114000000.0;3100000000.0;937969474.26;118659;0.85;52650000.0;6666420;3.34
2019-10-31;3.27;3.32;3.18;3.26;89810000.0;3050000000.0;938108176.3;103961;0.83;52340000.0;5863443;3.2649999999999997
2019-11-01;3.26;3.39;3.21;3.35;192000000.0;3070000000.0;938246897.21;39557;0.83;47010000.0;8130507;3.3049999999999997
2019-11-02;3.35;3.38;3.3;3.33;66110000.0;3140000000.0;938385435.26;19301;0.83;32820000.0;10596145;3.34
2019-11-03;3.33;3.35;3.19;3.27;53140000.0;3080000000.0;938524375.36;18421;0.82;25750000.0;8306462;3.3
2019-11-04;3.27;3.52;3.24;3.45;409000000.0;3190000000.0;938664396.24;18965;0.83;60000000.0;5085306;3.3600000000000003
2019-11-05;3.45;3.69;3.4;3.62;302000000.0;3320000000.0;938796999.97;18906;0.85;89070000.0;4650268;3.535
2019-11-06;3.62;3.68;3.56;3.61;269000000.0;3390000000.0;938935828.55;17349;0.84;99540000.0;4853047;3.615
2019-11-07;3.61;3.63;3.42;3.46;231000000.0;3290000000.0;939074663.15;1604;0.8;87930000.0;4128970;3.535
2019-11-08;3.46;3.55;3.32;3.41;270000000.0;3240000000.0;939213521.78;1702;0.8;57940000.0;4374242;3.435
2019-11-09;3.41;3.5;3.4;3.49;190000000.0;3250000000.0;939352383.72;16926;0.8;31460000.0;4286313;3.45
2019-11-10;3.49;3.68;3.45;3.58;113000000.0;3330000000.0;939491281.23;17521;0.79;101000000.0;4048478;3.535
2019-11-11;3.59;3.6;3.4;3.43;280000000.0;3280000000.0;939630192.58;18504;0.8;75900000.0;3767445;3.51
2019-11-12;3.43;3.52;3.38;3.48;93690000.0;3250000000.0;939769127.05;16996;0.8;30550000.0;4011126;3.455
2019-11-13;3.48;3.49;3.41;3.47;54640000.0;3250000000.0;939908085.35;16762;0.8;27590000.0;4298056;3.475
2019-11-14;3.46;3.47;3.32;3.39;66590000.0;3200000000.0;940048881.6;19009;0.81;136000000.0;4286104;3.425
2019-11-15;3.39;3.5;3.27;3.33;98230000.0;3180000000.0;940187995.87;17642;0.78;43770000.0;4300714;3.3600000000000003
2019-11-16;3.33;3.4;3.31;3.37;90050000.0;3150000000.0;940325045.87;17232;0.77;28890000.0;4284299;3.35
2019-11-17;3.37;3.44;3.31;3.4;100000000.0;3180000000.0;940464072.67;16073;0.77;103000000.0;4146113;3.385
2019-11-18;3.4;3.4;3.01;3.18;124000000.0;3070000000.0;940608995.37;16334;0.8;39720000.0;3938970;3.29
2019-11-19;3.17;3.19;3.02;3.11;101000000.0;2930000000.0;940748047.04;14937;0.8;35290000.0;3970330;3.1399999999999997
2019-11-20;3.12;3.14;3.05;3.07;72340000.0;2910000000.0;940887115.09;16087;0.8;169000000.0;3768130;3.0949999999999998
2019-11-21;3.08;3.11;2.73;2.82;143000000.0;2740000000.0;941026206.66;14518;0.85;57540000.0;3712567;2.95
2019-11-22;2.82;2.84;2.45;2.62;241000000.0;2490000000.0;941162876.1;14188;0.89;73090000.0;3736462;2.7199999999999998
2019-11-23;2.62;2.71;2.56;2.68;77570000.0;2470000000.0;941302201.81;13753;0.87;68880000.0;3767722;2.6500000000000004
2019-11-24;2.68;2.69;2.36;2.42;127000000.0;2390000000.0;941441545.5;13655;0.93;58810000.0;3560571;2.55
2019-11-25;2.42;2.62;2.34;2.52;139000000.0;2320000000.0;941580897.34;14304;0.73;61030000.0;3649235;2.4699999999999998
2019-11-26;2.52;2.64;2.52;2.62;74270000.0;2440000000.0;941720275.9;1518;0.74;42210000.0;3596830;2.5700000000000003
2019-11-27;2.61;2.75;2.49;2.68;112000000.0;2460000000.0;941859676.38;14723;0.72;76710000.0;3675182;2.645
2019-11-28;2.68;2.7;2.6;2.63;52250000.0;2510000000.0;941999089.93;13966;0.72;31950000.0;3647627;2.6550000000000002
2019-11-29;2.63;2.83;2.62;2.8;72930000.0;2590000000.0;942139095.32;14538;0.75;40600000.0;3623822;2.715
2019-11-30;2.79;2.82;2.71;2.75;52440000.0;2610000000.0;942277980.71;16534;0.74;42920000.0;3441002;2.77
2019-12-01;2.75;2.86;2.66;2.78;77290000.0;2580000000.0;942417453.93;14639;0.74;43290000.0;3061171;2.7649999999999997
2019-12-02;2.78;2.79;2.64;2.68;65890000.0;2550000000.0;942556943.96;1506;0.74;56630000.0;2700778;2.73
2019-12-03;2.68;2.74;2.65;2.7;102000000.0;2550000000.0;942696702.02;15152;0.74;30490000.0;2243819;2.6900000000000004
2019-12-04;2.7;2.78;2.56;2.63;105000000.0;2510000000.0;942835980.41;13664;0.74;36960000.0;2258544;2.665
2019-12-05;2.63;2.7;2.62;2.68;60270000.0;2510000000.0;942975438.58;41488;0.72;26130000.0;2122866;2.6550000000000002
2019-12-06;2.68;2.75;2.66;2.73;105000000.0;2550000000.0;943109086.13;253;0.69;31940000.0;2092394;2.705
2019-12-07;2.73;2.76;2.71;2.73;104000000.0;2580000000.0;943248486;13892;0.69;28960000.0;2181196;2.73
2019-12-08;2.73;2.79;2.7;2.74;76070000.0;2580000000.0;943387905.39;13557;0.69;27060000.0;2138542;2.7350000000000003
2019-12-09;2.75;2.75;2.61;2.66;104000000.0;2550000000.0;943527146.4;16564;0.69;31170000.0;2152769;2.705
2019-12-10;2.66;2.67;2.58;2.6;96960000.0;2480000000.0;943666679.38;17988;0.68;31760000.0;2163491;2.63
2019-12-11;2.6;2.62;2.54;2.57;61340000.0;2440000000.0;943806331.63;34445;0.67;34730000.0;2058433;2.585
2019-12-12;2.58;2.61;2.51;2.58;49760000.0;2420000000.0;943945908.24;33623;0.66;29490000.0;2134852;2.58
2019-12-13;2.58;2.64;2.57;2.62;68080000.0;2460000000.0;944085498.86;53154;0.66;39640000.0;2100229;2.6
2019-12-14;2.62;2.63;2.55;2.56;40360000.0;2440000000.0;944228953.37;20037;0.66;26050000.0;2075183;2.59
2019-12-15;2.56;2.59;2.54;2.56;34940000.0;2420000000.0;944364790.1;15226;0.66;28900000.0;2167793;2.56
2019-12-16;2.56;2.56;2.27;2.37;185000000.0;2270000000.0;944504388.07;31719;0.7;43420000.0;2215119;2.465
2019-12-17;2.36;2.37;2.15;2.19;396000000.0;2170000000.0;944644057.13;53118;0.73;46570000.0;2353848;2.275
2019-12-18;2.19;2.52;2.16;2.46;204000000.0;2190000000.0;944783743.85;15897;0.85;57190000.0;2374895;2.325
2019-12-19;2.46;2.5;2.4;2.45;154000000.0;2300000000.0;944923463.97;34675;0.83;58260000.0;2294914;2.455
2019-12-20;2.45;2.55;2.42;2.49;52860000.0;2330000000.0;945063220.27;16214;0.84;34030000.0;2272349;2.47
2019-12-21;2.49;2.49;2.43;2.44;118000000.0;2320000000.0;945203439.08;36087;0.84;25780000.0;2305601;2.465
2019-12-22;2.44;2.55;2.44;2.54;47690000.0;2360000000.0;945343707.19;15766;0.81;27940000.0;2135648;2.49
2019-12-23;2.54;2.61;2.5;2.51;117000000.0;2400000000.0;945485664.28;38911;0.77;41600000.0;2131138;2.525
2019-12-24;2.51;2.57;2.48;2.54;62380000.0;2380000000.0;945625454.81;19178;0.77;36240000.0;2084108;2.525
2019-12-25;2.54;2.55;2.44;2.48;44630000.0;2360000000.0;945765272.67;18666;0.7;28400000.0;2059002;2.51
2019-12-26;2.48;2.64;2.46;2.51;64920000.0;2390000000.0;945905108.4;16978;0.69;41970000.0;2163810;2.495
2019-12-27;2.51;2.59;2.5;2.57;119000000.0;2410000000.0;946045277.3;18881;0.69;31340000.0;2083654;2.54
2019-12-28;2.57;2.66;2.57;2.62;50470000.0;2490000000.0;946184741.81;32852;0.68;35250000.0;2130803;2.5949999999999998
2019-12-29;2.63;2.71;2.61;2.68;47890000.0;2520000000.0;946324637.69;13185;0.68;38630000.0;2073457;2.6550000000000002
2019-12-30;2.68;2.71;2.6;2.62;45660000.0;2510000000.0;946461535.52;14655;0.65;45780000.0;2084803;2.6500000000000004
2019-12-31;2.62;2.64;2.56;2.58;37330000.0;2460000000.0;946601468;30585;0.65;32960000.0;2081903;2.6
2020-01-01;2.58;2.63;2.57;2.6;56590000.0;2470000000.0;946741418.2;18862;0.65;17460000.0;2162795;2.59
2020-01-02;2.6;2.6;2.41;2.45;55810000.0;2380000000.0;946881742.47;27831;0.66;31940000.0;2185941;2.5250000000000004
2020-01-03;2.45;2.66;2.43;2.64;75900000.0;2430000000.0;947022221.65;43251;0.72;55570000.0;2072261;2.545
2020-01-04;2.64;2.66;2.62;2.65;57750000.0;2500000000.0;947162720.98;32022;0.71;24990000.0;2091851;2.645
2020-01-05;2.65;2.77;2.65;2.68;135000000.0;2560000000.0;947303239.53;15144;0.71;36470000.0;2068701;2.665
2020-01-06;2.68;2.86;2.68;2.85;124000000.0;2630000000.0;947443785.27;13559;0.74;50050000.0;2150278;2.765
2020-01-07;2.85;2.88;2.76;2.85;95290000.0;2680000000.0;947584340.86;12729;0.74;43150000.0;2257853;2.85
2020-01-08;2.85;2.97;2.71;2.77;261000000.0;2690000000.0;947724311.79;32528;0.74;58030000.0;2212395;2.81
2020-01-09;2.77;3.05;2.69;2.74;92620000.0;2600000000.0;947862873.45;27111;0.74;39480000.0;2224137;2.755
2020-01-10;2.74;3.0;2.65;2.98;121000000.0;2690000000.0;948002899.82;33868;0.78;61110000.0;2205720;2.8600000000000003
2020-01-11;2.98;3.13;2.94;2.99;112000000.0;2860000000.0;948142949.31;31423;0.78;50660000.0;2091292;2.9850000000000003
2020-01-12;2.99;3.21;2.93;3.21;331000000.0;2950000000.0;948283054.12;16381;0.81;48550000.0;1975301;3.1
2020-01-13;3.21;3.21;3.06;3.1;151000000.0;2950000000.0;948423407.87;48111;0.83;42520000.0;1852664;3.1550000000000002
2020-01-14;3.1;4.09;3.1;3.81;1130000000.0;3390000000.0;948563517.96;25211;1.11;113000000.0;1842166;3.455
2020-01-15;3.8;3.95;3.56;3.76;324000000.0;3560000000.0;948703640.71;39844;1.12;97500000.0;1802706;3.78
2020-01-16;3.77;3.95;3.53;3.83;249000000.0;3530000000.0;948842911.76;20992;1.07;61540000.0;1639945;3.8
2020-01-17;3.83;4.06;3.75;3.91;321000000.0;3720000000.0;948983162.59;13229;1.02;88970000.0;1544739;3.87
2020-01-18;3.89;4.0;3.7;3.81;211000000.0;3660000000.0;949123937.67;1226;0.97;54470000.0;1516709;3.85
2020-01-19;3.8;3.94;3.42;3.61;212000000.0;3500000000.0;949265087.91;36253;0.99;64430000.00000001;1449167;3.705
2020-01-20;3.61;3.7;3.48;3.62;123000000.0;3400000000.0;949405508.76;21464;1;55030000.0;1518372;3.615
2020-01-21;3.61;3.68;3.56;3.65;98960000.0;3450000000.0;949544738.91;12982;0.99;32790000.0;1457077;3.63
2020-01-22;3.65;3.74;3.58;3.64;96370000.0;3460000000.0;949685083.45;13303;0.99;31620000.0;1327922;3.645
2020-01-23;3.64;3.65;3.48;3.56;106000000.0;3370000000.0;949796124.51;12931;0.99;33259999.999999996;1425218;3.6
2020-01-24;3.56;3.7;3.35;3.63;127000000.0;3360000000.0;949958496.55;12626;0.99;38400000.0;1426316;3.5949999999999998
2020-01-25;3.63;3.63;3.49;3.49;79270000.0;3380000000.0;950106085.21;12729;1;19070000.0;1555483;3.56
2020-01-26;3.49;3.66;3.43;3.64;96040000.0;3390000000.0;950246457.08;1288;1;47350000.0;1475391;3.5650000000000004
2020-01-27;3.65;4.05;3.64;3.96;188000000.0;3660000000.0;950386960.56;14074;1.03;61870000.0;1637059;3.8049999999999997
2020-01-28;3.96;4.12;3.87;4.04;522000000.0;3810000000.0;950527344.57;13908;1.03;43200000.0;1608421;4.0
2020-01-29;4.05;4.12;3.95;3.96;258000000.0;3840000000.0;950659334.02;13122;1.04;43420000.0;1481284;4.005
2020-01-30;3.96;4.39;3.88;4.32;227000000.0;3970000000.0;950792718.47;43384;1.06;54720000.0;1688495;4.140000000000001
2020-01-31;4.32;4.37;4.01;4.14;313000000.0;3980000000.0;950915331.09;17821;1.07;68850000.0;1566674;4.23
2020-02-01;4.14;4.26;4.07;4.15;279000000.0;3960000000.0;951079593.94;57282;1.07;36780000.0;1541467;4.145
2020-02-02;4.15;4.33;4.04;4.21;133000000.0;4000000000.0;951214028.71;1127;1.05;53080000.0;1600220;4.18
2020-02-03;4.21;4.38;4.13;4.2;213000000.0;4030000000.0000005;951370479.76;12087;1.03;79360000.0;1561186;4.205
2020-02-04;4.2;4.26;4.05;4.22;190000000.0;3950000000.0;951508455.09;11234;1.03;84810000.0;1707463;4.21
2020-02-05;4.22;4.59;4.16;4.53;281000000.0;4179999999.9999995;951641598.04;21129;1.05;105000000.0;1703707;4.375
2020-02-06;4.53;4.67;4.43;4.59;298000000.0;4330000000.0;951776057.65;25413;1.03;66370000.00000001;1788799;4.5600000000000005
2020-02-07;4.59;4.69;4.51;4.59;266000000.0;4380000000.0;951912081.53;1562;1.03;58320000.0;1619530;4.59
2020-02-08;4.59;4.84;4.43;4.77;156000000.0;4470000000.0;951977460.95;12692;1.02;50040000.0;1546890;4.68
2020-02-09;4.77;5.05;4.76;5.01;290000000.0;4710000000.0;951977461.12;88665;1.02;74210000.0;1537332;4.89
2020-02-10;5.01;5.05;4.74;4.9;450000000.0;4640000000.0;951977461.36;20525;1.01;84300000.0;1581483;4.955
2020-02-11;4.9;5.33;4.79;5.26;188000000.0;4810000000.0;952390772.81;48279;1.03;112000000.0;1635126;5.08
2020-02-12;5.27;5.47;5.26;5.35;210000000.0;5110000000.0;952390773.61;13585;1.01;128000000.0;1559144;5.31
2020-02-13;5.34;5.5;5.18;5.36;853000000.0;5080000000.0;952774656.47;35232;0.99;138000000.0;1668024;5.35
2020-02-14;5.37;5.44;5.23;5.38;489000000.0;5090000000.0;952915342.34;5025;0.67;111000000.0;1808677;5.375
2020-02-15;5.39;5.4;4.5;4.74;554000000.0;4730000000.0;953056141.73;1351;0.8;128000000.0;1695059;5.0649999999999995
2020-02-16;4.74;4.86;4.03;4.38;747000000.0;4290000000.0;953196970.51;4769;0.85;108000000.0;1797057;4.5600000000000005
2020-02-17;4.38;4.42;4.04;4.35;633000000.0;4040000000.0;953337785.61;16384;0.85;133000000.0;1736508;4.365
2020-02-18;4.36;4.66;4.26;4.59;236000000.0;4260000000.0;953477131.57;1537;0.86;87540000.0;1681497;4.475
2020-02-19;4.59;4.62;3.6;3.97;570000000.0;4010000000.0;953609921.53;16931;0.96;101000000.0;1747260;4.28
2020-02-20;3.97;4.06;3.8;4.0;298000000.0;3800000000.0;953758929.03;2152;0.96;110000000.0;1784009;3.9850000000000003
2020-02-21;4.0;4.2;3.95;4.06;194000000.0;3900000000.0;953902219.21;17827;0.96;93360000.0;1795997;4.029999999999999
2020-02-22;4.06;4.16;3.98;4.11;283000000.0;3890000000.0;954040788.9;21157;0.96;65060000.0;1752617;4.085
2020-02-23;4.11;4.42;4.09;4.39;289000000.0;4090000000.0;954181712.68;21663;0.98;82510000.0;1761773;4.25
2020-02-24;4.39;4.42;3.91;4.12;415000000.0;3960000000.0;954322743.06;50955;1.01;133000000.0;1764383;4.255
2020-02-25;4.12;4.24;3.9;4.08;680000000.0;3900000000.0;954463919.06;19637;1;99240000.0;1828792;4.1
2020-02-26;4.07;4.11;3.31;3.53;380000000.0;3440000000.0;920430610.18;2217;1.09;106000000.0;1903000;3.8
2020-02-27;3.52;3.73;3.39;3.61;712000000.0;3290000000.0;920458474.27;20992;1.06;76660000.0;1801353;3.565
2020-02-28;3.62;3.68;3.35;3.52;1060000000.0;3230000000.0;920486297.6;20986;1.06;86100000.0;1917428;3.5700000000000003
2020-02-29;3.52;3.66;3.51;3.52;119000000.0;3290000000.0;920514150.94;21284;1.05;48620000.0;1945148;3.52
2020-03-01;3.51;3.65;3.42;3.51;326000000.0;3260000000.0;920541976.59;31986;1;58400000.0;1848603;3.51
2020-03-02;3.5;3.76;3.49;3.72;254000000.0;3340000000.0;920569793.72;9143;1.01;48790000.0;1844568;3.6100000000000003
2020-03-03;3.72;3.72;3.56;3.62;114000000.0;3360000000.0;920597655.37;72116;1.02;51200000.0;1966493;3.67
2020-03-04;3.63;3.67;3.52;3.59;89400000.0;3320000000.0;920625482.52;79242;1.01;54510000.0;1948878;3.61
2020-03-05;3.6;3.84;3.59;3.77;201000000.0;3420000000.0;920653303.22;74289;1.03;64830000.0;2322224;3.685
2020-03-06;3.77;3.87;3.71;3.84;356000000.0;3490000000.0;920681129.25;77524;1.03;59540000.0;2140714;3.8049999999999997
2020-03-07;3.85;3.85;3.62;3.65;225000000.0;3460000000.0;920708973.13;76115;1.01;45720000.0;2201123;3.75
2020-03-08;3.64;3.64;3.0;3.05;193000000.0;3040000000.0;920736841.02;70172;1.14;101000000.0;2185801;3.3449999999999998
2020-03-09;3.05;3.17;2.85;3.06;317000000.0;2790000000.0;920764586.37;113017;1.15;98860000.0;2257529;3.0549999999999997
2020-03-10;3.07;3.15;3.0;3.07;104000000.0;2830000000.0;920792409.98;64755;1.13;273000000.0;2120094;3.07
2020-03-11;3.07;3.12;2.85;3.07;241000000.0;2770000000.0;920820244.47;67805;1.11;58970000.0;2094476;3.07
2020-03-12;3.07;3.08;1.72;1.79;1650000000.0;2120000000.0;920848092.78;6822;1.78;137000000.0;2118698;2.4299999999999997
2020-03-13;1.79;2.25;1.4;2.12;1080000000.0;1740000000.0;920875900.08;123544;1.88;226000000.0;2195784;1.955
2020-03-14;2.12;2.14;1.93;1.96;220000000.0;1880000000.0;920903358.24;96362;1.88;82930000.0;2299091;2.04
2020-03-15;1.96;2.16;1.94;2.04;119000000.0;1870000000.0;920931211.74;30192;1.89;61700000.0;2223005;2.0
2020-03-16;2.04;2.04;1.72;1.9;301000000.0;1720000000.0;920959039.16;49328;1.9;101000000.0;2294213;1.97
2020-03-17;1.9;2.04;1.87;1.99;103000000.0;1820000000.0;920986869.06;62285;1.88;57360000.0;2353294;1.9449999999999998
2020-03-18;1.98;2.01;1.88;2.0;88620000.0;1800000000.0;921014694.64;61176;1.87;54060000.0;2472460;1.99
2020-03-19;2.01;2.4;1.97;2.29;147000000.0;2009999999.9999998;921041642.16;60404;1.95;69370000.0;2669126;2.15
2020-03-20;2.28;2.53;1.91;2.18;219000000.0;2109999999.9999998;921041644.18;66952;1.94;83440000.0;2554248;2.23
2020-03-21;2.2;2.36;2.11;2.28;187000000.0;2040000000.0;921045764.51;2711;1.9;53680000.0;2636091;2.24
2020-03-22;2.27;2.39;2.11;2.13;114000000.0;2049999999.9999998;921045768.35;27015;1.91;48930000.0;2753259;2.2
2020-03-23;2.13;2.35;2.07;2.3;181000000.0;2049999999.9999998;921045766.58;28875;1.93;57380000.0;2845895;2.215
2020-03-24;2.3;2.38;2.28;2.35;84120000.0;2150000000.0;921045766.02;54247;1.93;53460000.0;2808608;2.325
2020-03-25;2.35;2.38;2.24;2.3;165000000.0;2120000000.0;921053646.2;69261;1.91;50980000.0;2703494;2.325
2020-03-26;2.31;2.35;2.27;2.33;99630000.0;2130000000.0;921237339.7;34114;1.91;40150000.0;2757279;2.3200000000000003
2020-03-27;2.33;2.37;2.15;2.2;210000000.0;2120000000.0;921265181.86;82384;1.91;47710000.0;2855210;2.265
2020-03-28;2.19;2.24;2.09;2.2;145000000.0;2000000000.0;921293034.63;36316;1.87;44200000.0;2757633;2.1950000000000003
2020-03-29;2.21;2.22;2.1;2.12;50550000.0;1990000000.0;921320879.52;31972;1.87;26890000.0;2780028;2.165
2020-03-30;2.12;2.28;2.11;2.23;97960000.0;2029999999.9999998;921347739.81;27405;1.88;42250000.0;2757713;2.175
2020-03-31;2.23;2.26;2.19;2.21;73580000.0;2049999999.9999998;921375573.47;23213;1.88;36620000.0;2890703;2.2199999999999998
2020-04-01;2.22;2.3;2.14;2.26;97460000.0;2040000000.0;921403402.87;25964;1.88;34720000.0;2760049;2.24
2020-04-02;2.27;2.5;2.25;2.29;148000000.0;2140000000.0000002;921431233.59;25908;1.87;50500000.0;2714149;2.2800000000000002
2020-04-03;2.29;2.39;2.27;2.33;110000000.0;2150000000.0;921459068.25;2269;1.87;47150000.0;2783650;2.31
2020-04-04;2.33;2.41;2.3;2.36;56670000.0;2150000000.0;921486902.3;25206;1.87;38320000.0;2745713;2.3449999999999998
2020-04-05;2.36;2.4;2.32;2.35;59680000.0;2170000000.0;921514737.83;22046;1.86;32570000.0;2664866;2.355
2020-04-06;2.35;2.77;2.35;2.76;397000000.0;2350000000.0;921542571.75;26165;1.96;69470000.0;2585182;2.5549999999999997
2020-04-07;2.76;2.83;2.55;2.63;337000000.0;2510000000.0;921570408.87;24171;1.96;68290000.0;2624158;2.695
2020-04-08;2.63;2.8;2.59;2.75;647000000.0;2500000000.0;921598246.6;2761;1.89;75320000.0;2664416;2.69
2020-04-09;2.75;2.76;2.68;2.73;250000000.0;2510000000.0;921626085.88;26876;1.88;54890000.0;2642634;2.74
2020-04-10;2.73;2.75;2.42;2.5;248000000.0;2350000000.0;921653924.09;35934;1.91;69080000.0;2710748;2.615
2020-04-11;2.5;2.55;2.43;2.51;195000000.0;2310000000.0;921681833.61;40023;1.91;40740000.0;2684189;2.505
2020-04-12;2.51;2.6;2.46;2.5;153000000.0;2340000000.0;921710735.97;3977;1.21;40040000.0;2647734;2.505
2020-04-13;2.49;2.5;2.33;2.45;125000000.0;2220000000.0;921737494.49;40373;1.06;76640000.0;2707563;2.47
2020-04-14;2.45;2.51;2.42;2.47;41880000.0;2270000000.0;921765353.48;40309;1.02;49430000.0;2701655;2.46
2020-04-15;2.46;2.5;2.39;2.4;87070000.0;2260000000.0;921793213.55;6194;1.03;51070000.0;2726851;2.4299999999999997
2020-04-16;2.4;2.72;2.34;2.66;157000000.0;2380000000.0;921821436.84;80706;1.05;83060000.0;2848383;2.5300000000000002
2020-04-17;2.66;2.68;2.58;2.64;60450000.0;2420000000.0;921848938.87;67338;1.05;54770000.0;2716074;2.6500000000000004
2020-04-18;2.62;2.76;2.62;2.73;61350000.0;2480000000.0;921876797.97;3712;1.05;76140000.0;2611771;2.675
2020-04-19;2.73;2.74;2.54;2.6;137000000.0;2450000000.0;921904663.83;38357;0.97;102000000.0;2647286;2.665
2020-04-20;2.6;2.71;2.44;2.51;127000000.0;2380000000.0;921932528.15;26905;0.97;78520000.0;2577131;2.5549999999999997
2020-04-21;2.51;2.57;2.48;2.53;203000000.0;2330000000.0;921960392.56;39311;0.96;66800000.0;2797280;2.5199999999999996
2020-04-22;2.52;2.66;2.51;2.63;89470000.0;2380000000.0;921988260.11;35784;0.94;47840000.0;3101576;2.575
2020-04-23;2.63;2.76;2.58;2.69;79490000.0;2460000000.0;922016126.3;36759;0.91;69010000.0;3063938;2.66
2020-04-24;2.68;2.74;2.66;2.71;67960000.0;2500000000.0;922043990.65;39128;0.91;62060000.0;2977458;2.6950000000000003
2020-04-25;2.71;2.81;2.65;2.7;147000000.0;2510000000.0;922072032.59;3695;0.91;73210000.0;3042471;2.705
2020-04-26;2.7;2.78;2.67;2.74;116000000.0;2510000000.0;922099883.27;39276;0.91;52680000.0;3106909;2.72
2020-04-27;2.75;2.82;2.68;2.75;181000000.0;2530000000.0;922127928.71;37912;0.88;85420000.0;3095893;2.75
2020-04-28;2.75;2.78;2.69;2.77;118000000.0;2520000000.0;922155470.25;11248;0.88;60270000.0;3177603;2.76
2020-04-29;2.77;3.1;2.76;3.01;381000000.0;2680000000.0;922183339.1;30361;0.9;97250000.0;3207117;2.8899999999999997
2020-04-30;3.01;3.12;2.75;2.82;357000000.0;2710000000.0;922211212.4;3961;0.92;91720000.0;3265507;2.915
2020-05-01;2.82;2.93;2.82;2.87;104000000.0;2650000000.0;922239085.56;45149;0.92;60540000.0;3282787;2.8449999999999998
2020-05-02;2.87;2.95;2.85;2.94;67250000.0;2670000000.0;922267022.85;46958;0.92;48680000.0;3223686;2.9050000000000002
2020-05-03;2.94;3.01;2.77;2.84;86580000.0;2670000000.0;922295163.94;47124;0.93;51000000.0;3357763;2.8899999999999997
2020-05-04;2.84;2.85;2.63;2.77;150000000.0;2520000000.0;922323057.9;45961;0.94;67130000.0;3294751;2.8049999999999997
2020-05-05;2.77;2.83;2.71;2.77;304000000.0;2560000000.0;922350995.92;44893;0.94;53290000.0;3273497;2.77
2020-05-06;2.77;2.82;2.64;2.67;72820000.0;2550000000.0;922379021.16;44684;0.95;44860000.0;3396585;2.7199999999999998
2020-05-07;2.65;2.8;2.59;2.76;166000000.0;2500000000.0;922406949.63;13389;0.76;86160000.0;3287180;2.705
2020-05-08;2.76;2.83;2.7;2.75;247000000.0;2550000000.0;922434215.22;65519;0.75;63220000.0;3374189;2.755
2020-05-09;2.75;2.84;2.73;2.75;125000000.0;2570000000.0;922462093.6;418;0.73;56340000.0;3350015;2.75
2020-05-10;2.75;2.76;2.26;2.45;369000000.0;2260000000.0;922490396.08;46318;0.82;73890000.0;3443073;2.6
2020-05-11;2.45;2.49;2.27;2.4;86390000.0;2230000000.0;922517854.14;48251;0.78;63340000.0;3296152;2.425
2020-05-12;2.4;2.47;2.4;2.44;95620000.0;2250000000.0;922545735.54;66687;0.78;45200000.0;3494490;2.42
2020-05-13;2.44;2.56;2.42;2.53;85290000.0;2290000000.0;922573617.93;47043;0.79;46190000.0;3610330;2.485
2020-05-14;2.53;2.65;2.47;2.62;78340000.0;2360000000.0;922601500.63;46679;0.79;79290000.0;3541097;2.575
2020-05-15;2.63;2.66;2.53;2.58;139000000.0;2400000000.0;922629385.33;45522;0.79;57000000.0;3508278;2.605
2020-05-16;2.58;2.68;2.57;2.64;163000000.0;2430000000.0;922657270.53;44894;0.79;48520000.0;3455445;2.6100000000000003
2020-05-17;2.63;2.67;2.59;2.62;90480000.0;2440000000.0;922685155.36;47779;0.7;40160000.0;3372015;2.625
2020-05-18;2.62;2.75;2.6;2.66;138000000.0;2470000000.0;922713039.68;47826;0.7;60390000.0;3384303;2.64
2020-05-19;2.66;2.67;2.57;2.65;162000000.0;2430000000.0;922740926.16;44852;0.69;264000000.0;3365046;2.6550000000000002
2020-05-20;2.65;2.68;2.52;2.6;67700000.0;2440000000.0;932768814.47;15467;0.67;45240000.0;3423752;2.625
2020-05-21;2.59;2.61;2.41;2.46;101000000.0;2350000000.0;932796701.58;48335;0.68;39480000.0;3545581;2.525
2020-05-22;2.46;2.63;2.44;2.6;64470000.0;2360000000.0;932824592.07;49049;0.71;44830000.0;3599608;2.5300000000000002
2020-05-23;2.59;2.62;2.55;2.56;74160000.0;2410000000.0;932852480.54;48376;0.7;21060000.0;3663464;2.575
2020-05-24;2.56;2.61;2.49;2.49;59600000.0;2390000000.0;932880370.23;48453;0.7;33880000.0;3579332;2.5250000000000004
2020-05-25;2.48;2.55;2.45;2.53;67880000.0;2340000000.0;932908260.51;49352;0.7;39750000.0;3480991;2.505
2020-05-26;2.53;2.54;2.46;2.5;59750000.0;2340000000.0;932936154.1;4865;0.7;37760000.0;3486894;2.5149999999999997
2020-05-27;2.5;2.58;2.5;2.57;64940000.0;2370000000.0;932964044.68;4836;0.72;36170000.0;3471231;2.535
2020-05-28;2.57;2.62;2.52;2.61;40920000.0;2390000000.0;932991939.79;45799;0.72;38330000.0;3527314;2.59
2020-05-29;2.61;2.67;2.59;2.61;124000000.0;2450000000.0;933019832.74;48848;0.65;53250000.0;3440463;2.61
2020-05-30;2.62;2.78;2.6;2.77;274000000.0;2510000000.0;933047726.97;49083;0.63;46810000.0;3482548;2.6950000000000003
2020-05-31;2.77;2.77;2.65;2.67;68360000.0;2540000000.0;933075623.76;48596;0.65;63130000.0;3267857;2.7199999999999998
2020-06-01;2.67;2.84;2.66;2.82;239000000.0;2560000000.0;933103520.41;48806;0.65;53520000.0;3431618;2.745
2020-06-02;2.82;2.89;2.59;2.67;113000000.0;2570000000.0;933131418.83;46929;0.7;107000000.0;3538913;2.745
2020-06-03;2.67;2.7;2.63;2.69;47640000.0;2490000000.0;933159315.94;57378;0.69;55880000.0;3454757;2.6799999999999997
2020-06-04;2.7;2.75;2.67;2.72;48910000.0;2540000000.0;933187213.17;48962;0.69;52580000.0;3537613;2.71
2020-06-05;2.72;2.87;2.71;2.82;73100000.0;2590000000.0;933215113.22;54982;0.69;75840000.0;3645020;2.77
2020-06-06;2.81;2.84;2.77;2.8;56900000.0;2630000000.0;933243013.72;11916;0.67;66030000.0;3414310;2.8049999999999997
2020-06-07;2.8;2.83;2.73;2.81;66330000.0;2600000000.0;933270935.24;54667;0.68;75300000.0;3625414;2.8049999999999997
2020-06-08;2.81;2.82;2.75;2.78;43440000.0;2600000000.0;933298817.56;12159;0.68;84480000.0;3562276;2.795
2020-06-09;2.79;2.8;2.68;2.75;51650000.0;2560000000.0;933326717;55196;0.55;57390000.0;3610404;2.77
2020-06-10;2.75;2.79;2.71;2.76;41740000.0;2570000000.0;933353884.8;36476;0.54;75390000.0;3509879;2.755
2020-06-11;2.76;2.78;2.43;2.51;98350000.0;2450000000.0;933381787.52;51304;0.61;68990000.0;3646874;2.635
2020-06-12;2.51;2.62;2.49;2.6;102000000.0;2390000000.0;933409695.55;55279;0.62;118000000.0;3908212;2.5549999999999997
2020-06-13;2.6;2.62;2.55;2.6;29130000.0;2410000000.0;933437598.67;55853;0.61;37020000.0;3867093;2.6
2020-06-14;2.6;2.61;2.53;2.57;64769999.99999999;2400000000.0;933465505.77;57429;0.61;32460000.0;3725336;2.585
2020-06-15;2.56;2.57;2.42;2.53;122000000.0;2330000000.0;933493413.12;52225;0.61;57170000.0;3751659;2.545
2020-06-16;2.53;2.57;2.52;2.55;48180000.0;2380000000.0;933521318.93;56323;0.61;46180000.0;3779479;2.54
2020-06-17;2.55;2.62;2.52;2.57;118000000.0;2390000000.0;933549230.58;51525;0.61;45420000.0;3720033;2.5599999999999996
2020-06-18;2.57;2.57;2.49;2.53;67780000.0;2370000000.0;933577137.1;44543;0.61;40660000.0;3917352;2.55
2020-06-19;2.53;2.55;2.5;2.52;32560000.000000004;2360000000.0;933605048.98;55615;0.6;36750000.0;4531436;2.525
2020-06-20;2.52;2.56;2.43;2.54;41120000.0;2340000000.0;933632960.43;55433;0.58;37450000.0;5085911;2.5300000000000002
2020-06-21;2.54;2.55;2.51;2.51;45310000.0;2360000000.0;933660872.57;55369;0.54;33980000.0;4903987;2.525
2020-06-22;2.51;2.61;2.51;2.59;72600000.0;2390000000.0;933688763.88;55325;0.55;120000000.0;4281021;2.55
2020-06-23;2.59;2.6;2.56;2.57;32340000.000000004;2400000000.0;933716677.24;54299;0.54;51860000.0;4435676;2.58
2020-06-24;2.57;2.6;2.46;2.5;53970000.0;2360000000.0;933744592.21;54852;0.55;49980000.0;4540693;2.535
2020-06-25;2.5;2.53;2.43;2.48;94400000.0;2320000000.0;933772505.28;53233;0.55;36400000.0;4369644;2.49
2020-06-26;2.48;2.51;2.39;2.48;49280000.0;2290000000.0;933800438.75;10631;0.54;50230000.0;4418297;2.48
2020-06-27;2.48;2.48;2.19;2.33;134000000.0;2220000000.0;933828432.7;54646;0.54;38460000.0;4402426;2.4050000000000002
2020-06-28;2.33;2.4;2.3;2.37;30990000.0;2200000000.0;933856332;34129;0.58;58010000.0;4481003;2.35
2020-06-29;2.37;2.42;2.32;2.38;42740000.0;2210000000.0;933884326.27;5397;0.53;40230000.0;4256922;2.375
2020-06-30;2.38;2.39;2.34;2.37;25960000.0;2210000000.0;933912321.8;43017;0.52;34710000.0;4391682;2.375
2020-07-01;2.37;2.4;2.35;2.38;35590000.0;2220000000.0;933940319.98;55131;0.48;34060000.0;4208957;2.375
2020-07-02;2.38;2.39;2.3;2.36;64920000.0;2200000000.0;933967872.53;55454;0.45;40640000.0;4141303;2.37
2020-07-03;2.36;2.45;2.35;2.42;105000000.0;2250000000.0;933996096.27;55574;0.46;53690000.0;4079312;2.3899999999999997
2020-07-04;2.41;2.5;2.41;2.46;72100000.0;2300000000.0;934023112.25;55249;0.47;35690000.0;4004546;2.435
2020-07-05;2.46;2.47;2.32;2.41;43210000.0;2260000000.0;934051026.93;55068;0.45;35430000.0;4171398;2.435
2020-07-06;2.41;2.64;2.4;2.61;74460000.0;2360000000.0;934078942.74;51942;0.51;60080000.0;4119875;2.51
2020-07-07;2.61;2.63;2.52;2.56;72530000.0;2390000000.0;934106852.6;11071;0.54;41310000.0;3627446;2.585
2020-07-08;2.56;2.7;2.54;2.68;76330000.0;2470000000.0;934134767.02;55336;0.57;67300000.0;4257661;2.62
2020-07-09;2.68;2.73;2.58;2.65;109000000.0;2480000000.0;934162682.6;11234;0.57;66390000.0;4037248;2.665
2020-07-10;2.65;2.65;2.57;2.62;69550000.0;2440000000.0;934190601.12;55452;0.57;47320000.0;4008763;2.635
2020-07-11;2.62;2.64;2.59;2.62;67080000.0;2450000000.0;934218679.46;55506;0.48;39660000.0;4102830;2.62
2020-07-12;2.62;2.66;2.56;2.62;112000000.0;2440000000.0;934246434.6;54947;0.47;37700000.0;4001144;2.62
2020-07-13;2.62;2.65;2.44;2.55;117000000.0;2410000000.0;934274355.47;55504;0.47;57030000.0;4330693;2.585
2020-07-14;2.55;2.57;2.5;2.56;36530000.0;2370000000.0;934302274.82;53466;0.47;38740000.0;4216723;2.5549999999999997
2020-07-15;2.56;2.57;2.5;2.53;49440000.0;2370000000.0;934330193.33;10108;0.47;53230000.0;4307380;2.545
2020-07-16;2.53;2.56;2.43;2.5;47700000.0;2320000000.0;934358115.16;55256;0.48;57870000.0;4344132;2.5149999999999997
2020-07-17;2.5;2.52;2.47;2.5;39750000.0;2330000000.0;934386037.28;54889;0.47;50610000.0;4224397;2.5
2020-07-18;2.49;2.52;2.48;2.5;36470000.0;2340000000.0;934413959.88;55518;0.47;43270000.0;4274635;2.495
2020-07-19;2.5;2.61;2.47;2.59;78290000.0;2370000000.0;934441881.35;55146;0.47;48810000.0;3610131;2.545
2020-07-20;2.59;2.61;2.53;2.56;43340000.0;2410000000.0;934470397.04;57755;0.48;66530000.0;3413637;2.575
2020-07-21;2.56;2.63;2.56;2.63;82580000.0;2430000000.0;934498314.4;57594;0.49;55510000.0;3359148;2.5949999999999998
2020-07-22;2.63;2.67;2.58;2.67;46050000.0;2440000000.0;934526228.4;58131;0.48;67610000.0;3433276;2.65
2020-07-23;2.66;2.7;2.63;2.65;51350000.0;2490000000.0;934554145.52;31355;0.48;123000000.0;3322925;2.6550000000000002
2020-07-24;2.66;2.66;2.57;2.6;46130000.0;2440000000.0;934582065.45;11703;0.48;50400000.0;3334808;2.63
2020-07-25;2.6;2.75;2.6;2.73;74530000.0;2500000000.0;934609985.91;11758;0.49;58500000.0;3346222;2.665
2020-07-26;2.73;2.81;2.68;2.71;95010000.0;2560000000.0;934637904.89;26976;0.51;82200000.0;3037785;2.7199999999999998
2020-07-27;2.71;2.93;2.63;2.85;173000000.0;2610000000.0;934665828.21;10919;0.48;96550000.0;3247044;2.7800000000000002
2020-07-28;2.85;3.08;2.78;3.0;534000000.0;2740000000.0;934693747.94;10604;0.5;104000000.0;3540852;2.925
2020-07-29;3.0;3.15;2.96;3.03;275000000.0;2870000000.0;934721669.48;10123;0.5;126000000.0;3472186;3.0149999999999997
2020-07-30;3.03;3.1;2.96;3.05;182000000.0;2820000000.0;934749594.41;10721;0.5;77830000.0;3349798;3.04
2020-07-31;3.05;3.14;3.02;3.1;80790000.0;2870000000.0;934777516.15;11075;0.5;72810000.0;3272040;3.075
2020-08-01;3.1;3.33;3.07;3.31;324000000.0;2960000000.0;934805442.14;1015;0.51;77900000.0;2974688;3.205
2020-08-02;3.31;3.49;2.53;2.94;492000000.0;2830000000.0;934833366.72;10295;0.62;121000000.0;3198852;3.125
2020-08-03;2.94;3.13;2.9;3.05;194000000.0;2830000000.0;934861291.96;18702;0.69;80460000.0;3496134;2.995
2020-08-04;3.05;3.1;2.96;3.04;95400000.0;2840000000.0;934889217.38;47908;0.67;75520000.0;3769843;3.045
2020-08-05;3.04;3.1;3.01;3.05;81290000.0;2850000000.0;934917146.9;12698;0.61;75150000.0;3654054;3.045
2020-08-06;3.06;3.19;3.0;3.09;167000000.0;2880000000.0;934945078.69;94517;0.61;77150000.0;3613956;3.075
2020-08-07;3.09;3.25;2.76;3.01;168000000.0;2890000000.0;934973009.68;10837;0.62;95970000.0;3480104;3.05
2020-08-08;3.01;3.09;2.98;3.07;95380000.0;2840000000.0;935000991.96;18155;0.6;59380000.0;3412452;3.04
2020-08-09;3.07;3.09;2.93;3.03;57480000.0;2830000000.0;935028921.32;79218;0.61;51270000.0;3468436;3.05
2020-08-10;3.03;3.3;2.99;3.24;209000000.0;2940000000.0;935056851.78;93181;0.64;105000000.0;3650627;3.135
2020-08-11;3.24;3.3;2.87;3.0;373000000.0;2900000000.0;935084787.14;10906;0.67;97310000.0;3674185;3.12
2020-08-12;3.01;3.05;2.89;3.03;190000000.0;2800000000.0;935112718.41;117574;0.69;90910000.0;3713452;3.0199999999999996
2020-08-13;3.02;3.15;2.92;3.14;48100000.0;2840000000.0;935140652.79;10003;0.68;80220000.0;3628108;3.08
2020-08-14;3.14;3.3;3.09;3.27;162000000.0;2980000000.0;935168585.86;1004;0.69;123000000.0;3801934;3.205
2020-08-15;3.27;3.85;3.27;3.72;653000000.0;3320000000.0;935196519.93;10902;0.78;222000000.0;3813197;3.495
2020-08-16;3.73;3.95;3.5;3.88;414000000.0;3530000000.0;935224458.2;1011;0.82;163000000.0;3572427;3.8049999999999997
2020-08-17;3.88;3.92;3.67;3.78;782000000.0;3580000000.0;935252394.33;1016;0.83;140000000.0;3590281;3.83
2020-08-18;3.78;3.82;3.51;3.58;235000000.0;3430000000.0;935280357.46;127477;0.85;97610000.0;3661536;3.6799999999999997
2020-08-19;3.58;3.63;3.22;3.35;141000000.0;3190000000.0;935308332.97;130521;0.89;115000000.0;4024439;3.465
2020-08-20;3.35;3.46;3.35;3.44;110000000.0;3190000000.0;935336307.95;3292;0.9;96090000.0;4246503;3.395
2020-08-21;3.45;3.63;3.22;3.25;142000000.0;3210000000.0;935364213.31;982;0.91;118000000.0;4389781;3.35
2020-08-22;3.25;3.38;3.17;3.37;94880000.0;3060000000.0;935391777.7;22212;0.93;105000000.0;4698794;3.31
2020-08-23;3.36;3.39;3.23;3.32;78180000.0;3100000000.0;935419749.5;19097;0.93;66319999.99999999;4266654;3.34
2020-08-24;3.32;3.42;3.29;3.39;79560000.0;3150000000.0;935447698.34;25202;0.92;78980000.0;4133373;3.355
2020-08-25;3.39;3.39;2.96;3.12;174000000.0;2980000000.0;935475669.05;2577;0.99;89170000.0;3851643;3.255
2020-08-26;3.12;3.17;3.06;3.12;101000000.0;2920000000.0;935503621.6;13415;0.95;75900000.0;4212958;3.12
2020-08-27;3.12;3.15;2.86;2.98;282000000.0;2810000000.0;935531597.57;127893;0.97;78070000.0;4471852;3.05
2020-08-28;2.98;3.17;2.94;3.12;61000000.0;2880000000.0;935559548.75;112522;0.96;75500000.0;4502839;3.05
2020-08-29;3.12;3.21;3.09;3.13;45940000.0;2940000000.0;935587511.36;26377;0.96;68640000.0;4393478;3.125
2020-08-30;3.13;3.27;3.13;3.26;106000000.0;3000000000.0;935615470.14;23437;0.97;79150000.0;4669689;3.195
2020-08-31;3.26;3.3;3.19;3.21;77700000.0;3040000000.0;935643423.68;25806;0.94;90980000.0;4650591;3.235
2020-09-01;3.21;3.55;3.16;3.47;99280000.0;3140000000.0;935671392.27;23237;0.89;145000000.0;4750708;3.34
2020-09-02;3.47;3.5;2.88;3.11;226000000.0;2970000000.0;935699351.73;11599;1;152000000.0;4860831;3.29
2020-09-03;3.11;3.16;2.52;2.64;114000000.0;2740000000.0;935727306.2;21798;1;112000000.0;4742140;2.875
2020-09-04;2.62;3.25;2.59;3.0;785000000.0;2760000000.0;935755276.38;22445;1.23;337000000.0;4936802;2.81
2020-09-05;3.0;3.16;2.77;2.94;343000000.0;2800000000.0;935783244.04;15393;1.24;303000000.0;4921186;2.9699999999999998
2020-09-06;2.93;3.03;2.81;2.9;99690000.0;2730000000.0;935811205.04;19944;1.23;221000000.0;5100728;2.915
2020-09-07;2.9;2.94;2.66;2.85;78070000.0;2620000000.0;935839185.87;20098;1.23;161000000.0;5321754;2.875
2020-09-08;2.85;2.86;2.67;2.76;73840000.0;2590000000.0;935866117.59;21325;1.23;123000000.0;5219313;2.8049999999999997
2020-09-09;2.76;2.82;2.7;2.75;41020000.0;2580000000.0;935895113.6;16305;1.21;143000000.0;5139001;2.755
2020-09-10;2.75;2.84;2.74;2.78;88210000.0;2600000000.0;935923078.46;32118;1.18;119000000.0;5119239;2.7649999999999997
2020-09-11;2.78;2.82;2.72;2.79;65069999.99999999;2600000000.0;935951041.76;1936;1.18;131000000.0;5088068;2.785
2020-09-12;2.79;2.83;2.74;2.81;104000000.0;2610000000.0;935979008.79;11277;1.18;85590000.0;5495973;2.8
2020-09-13;2.81;2.83;2.68;2.73;50740000.0;2580000000.0;936006970.61;18063;1.17;86860000.0;5374264;2.77
2020-09-14;2.73;2.77;2.69;2.73;103000000.0;2560000000.0;936034947.47;23677;1.05;97860000.0;5155419;2.73
2020-09-15;2.73;2.78;2.7;2.7;84530000.0;2560000000.0;936062916.15;24949;1.04;94670000.0;5307284;2.715
2020-09-16;2.7;2.75;2.58;2.71;97480000.0;2500000000.0;936090896.01;25582;1.04;109000000.0;5574934;2.705
2020-09-17;2.71;2.78;2.7;2.74;36190000.0;2560000000.0;936118863.2;18174;1.03;104000000.0;5594252;2.725
2020-09-18;2.74;2.75;2.65;2.69;53390000.0;2540000000.0;936146840.54;12085;1.01;83250000.0;5729842;2.715
2020-09-19;2.69;2.74;2.68;2.7;55960000.0;2540000000.0;936172615.46;17326;1;57750000.0;5610686;2.6950000000000003
2020-09-20;2.7;2.7;2.62;2.67;24750000.0;2500000000.0;936200597.56;20473;0.99;81620000.0;5908339;2.685
2020-09-21;2.67;2.69;2.49;2.51;47840000.0;2420000000.0;936227968.61;13929;0.99;179000000.0;5354602;2.59
2020-09-22;2.51;2.59;2.49;2.57;24340000.0;2380000000.0;936256441.95;27744;1;67440000.0;5807511;2.54
2020-09-23;2.57;2.58;2.39;2.44;54110000.0;2350000000.0;936284429.79;25839;1;60170000.0;6185612;2.505
2020-09-24;2.44;2.56;2.42;2.54;50350000.0;2330000000.0;936300776.12;32186;0.99;79920000.0;6212741;2.49
2020-09-25;2.54;2.56;2.47;2.55;33820000.0;2360000000.0;936328739.52;28659;0.99;72660000.0;6336067;2.545
2020-09-26;2.55;2.61;2.51;2.57;39340000.0;2390000000.0;936356709.03;28193;0.98;60210000.0;6485417;2.5599999999999996
2020-09-27;2.57;2.6;2.53;2.59;51970000.0;2410000000.0;936384673.56;25274;0.97;60890000.0;6260898;2.58
2020-09-28;2.59;2.64;2.55;2.56;72060000.0;2440000000.0;936412644.5;24248;0.97;62350000.0;6554706;2.575
2020-09-29;2.56;2.6;2.55;2.6;100000000.0;2410000000.0;936440610.75;24401;0.95;74050000.0;6243344;2.58
2020-09-30;2.6;2.6;2.56;2.58;20360000.0;2410000000.0;936468582.14;41653;0.96;87590000.0;5989270;2.59
2020-10-01;2.58;2.63;2.49;2.55;94850000.0;2410000000.0;936496556.2;31988;0.91;69710000.0;5771986;2.565
2020-10-02;2.54;2.56;2.42;2.48;33350000.0;2330000000.0;936524557.67;12077;0.84;71810000.0;5818576;2.51
2020-10-03;2.48;2.5;2.47;2.48;24430000.0;2330000000.0;936552488.92;10153;0.64;45640000.0;5611285;2.48
2020-10-04;2.48;2.53;2.47;2.52;35390000.0;2340000000.0;936580479.4;9963;0.4;44780000.0;4820381;2.5
2020-10-05;2.52;2.54;2.49;2.53;38620000.0;2360000000.0;936608472.28;10543;0.39;41860000.0;4911246;2.525
2020-10-06;2.53;2.97;2.49;2.7;593000000.0;2590000000.0;936636444.95;10731;0.54;138000000.0;5555358;2.615
2020-10-07;2.7;2.72;2.59;2.64;107000000.0;2480000000.0;936664440.14;35348;0.46;90840000.0;5524911;2.67
2020-10-08;2.64;2.65;2.49;2.61;103000000.0;2430000000.0;936692435.22;34255;0.45;88870000.0;5637964;2.625
2020-10-09;2.61;2.66;2.58;2.64;116000000.0;2460000000.0;936720428.6;38585;0.45;64030000.0;5449134;2.625
2020-10-10;2.64;2.72;2.64;2.64;34820000.0;2510000000.0;936748426.32;35745;0.46;51970000.0;5792425;2.64
2020-10-11;2.64;2.69;2.61;2.66;48490000.0;2490000000.0;936775036.44;41252;0.45;52830000.0;5895563;2.6500000000000004
2020-10-12;2.66;2.68;2.61;2.65;68430000.0;2480000000.0;936803048.7;37678;0.45;53820000.0;5785780;2.6550000000000002
2020-10-13;2.65;2.67;2.61;2.64;79240000.0;2470000000.0;936840659.51;32413;0.44;46930000.0;5699161;2.645
2020-10-14;2.64;2.65;2.58;2.61;70140000.0;2460000000.0;936871865.32;35184;0.44;56560000.0;5609654;2.625
2020-10-15;2.61;2.63;2.58;2.6;47970000.0;2440000000.0;936899862.95;37395;0.44;50300000.0;5397917;2.605
2020-10-16;2.6;2.61;2.49;2.54;90690000.0;2380000000.0;936927309.56;40127;0.45;81210000.0;5402637;2.5700000000000003
2020-10-17;2.54;2.55;2.5;2.52;25640000.0;2370000000.0;936955770.26;32374;0.45;52880000.0;5448214;2.5300000000000002
2020-10-18;2.52;2.56;2.52;2.55;25050000.0;2380000000.0;936983770.32;24864;0.44;46360000.0;5339314;2.535
2020-10-19;2.55;2.61;2.52;2.58;33880000.0;2400000000.0;937011756.6;30721;0.45;76170000.0;4245454;2.565
2020-10-20;2.58;2.58;2.5;2.53;42440000.0;2390000000.0;937039778.72;25464;0.45;70650000.0;4184293;2.5549999999999997
2020-10-21;2.53;2.66;2.52;2.61;76880000.0;2440000000.0;937067767.53;30813;0.42;71970000.0;5008637;2.57
2020-10-22;2.61;2.71;2.61;2.67;37150000.0;2500000000.0;937079125.51;1062;0.42;64260000.00000001;5381394;2.6399999999999997
2020-10-23;2.67;2.68;2.6;2.64;57520000.0;2480000000.0;937079122.84;29483;0.37;69230000.0;5236776;2.6550000000000002
2020-10-24;2.64;2.67;2.62;2.66;17010000.0;2480000000.0;937151666.82;27296;0.35;55720000.0;5440006;2.6500000000000004
2020-10-25;2.66;2.74;2.62;2.71;42850000.0;2500000000.0;937179695.99;27891;0.35;52740000.0;5618856;2.685
2020-10-26;2.71;2.75;2.6;2.63;41270000.0;2510000000.0;937207702.78;26699;0.37;78070000.0;5667567;2.67
2020-10-27;2.63;2.7;2.63;2.67;22980000.0;2490000000.0;937235384.73;27087;0.37;62760000.0;5826852;2.65
2020-10-28;2.67;2.75;2.62;2.66;73150000.0;2500000000.0;937263626.82;27144;0.37;65340000.0;5727438;2.665
2020-10-29;2.65;2.68;2.6;2.64;26370000.0;2480000000.0;937291798.31;2728;0.37;47720000.0;5765114;2.645
2020-10-30;2.64;2.65;2.4;2.51;50840000.0;2370000000.0;937319668.29;34041;0.4;96350000.0;5741323;2.575
2020-10-31;2.51;2.56;2.49;2.53;76420000.0;2370000000.0;937347457.06;9524;0.4;58790000.0;5701383;2.5199999999999996
2020-11-01;2.52;2.54;2.44;2.51;30380000.0;2350000000.0;937375623.91;9407;0.4;35420000.0;5272734;2.5149999999999997
2020-11-02;2.51;2.55;2.4;2.43;29720000.0;2310000000.0;937403631.28;1099;0.4;111000000.0;5635385;2.4699999999999998
2020-11-03;2.43;2.44;2.22;2.36;211000000.0;2180000000.0;937431624.86;10764;0.41;63100000.0;5524749;2.395
2020-11-04;2.36;2.38;2.3;2.35;26950000.0;2200000000.0;937459123.74;10374;0.41;55930000.0;5514138;2.355
2020-11-05;2.35;2.49;2.34;2.45;72410000.0;2260000000.0;937487598.44;11256;0.43;58530000.0;5653819;2.4000000000000004
2020-11-06;2.45;2.55;2.44;2.53;73600000.0;2340000000.0;937515597.2;15564;0.39;62570000.0;5524950;2.49
2020-11-07;2.54;2.63;2.45;2.5;74530000.0;2400000000.0;937543615.35;9665;0.38;61350000.0;5322377;2.52
2020-11-08;2.5;2.56;2.49;2.54;20120000.0;2370000000.0;937571116.69;9422;0.39;43290000.0;5666568;2.52
2020-11-09;2.54;2.56;2.46;2.5;38370000.0;2350000000.0;937599574.1;23948;0.39;51410000.0;5251123;2.52
2020-11-10;2.5;2.53;2.48;2.5;53240000.0;2350000000.0;937627596.93;28934;0.39;48590000.0;5249921;2.5
2020-11-11;2.5;2.54;2.49;2.5;58020000.0;2360000000.0;937655614.21;24049;0.39;51860000.0;5418025;2.5
2020-11-12;2.5;2.5;2.43;2.46;49820000.0;2320000000.0;937683638.85;28124;0.39;65310000.0;5058006;2.48
2020-11-13;2.46;2.64;2.46;2.6;67940000.0;2390000000.0;937711589.06;41505;0.43;85120000.0;5310657;2.5300000000000002
2020-11-14;2.6;2.61;2.5;2.54;30560000.0;2390000000.0;937739623.56;9904;0.44;59550000.0;4916819;2.5700000000000003
2020-11-15;2.54;2.55;2.46;2.49;32409999.999999996;2360000000.0;937767143.26;31007;0.44;39970000.0;5036509;2.515
2020-11-16;2.49;2.61;2.48;2.58;36520000.0;2400000000.0;937795598.09;9707;0.45;54560000.0;5069737;2.535
2020-11-17;2.58;2.75;2.58;2.72;83340000.0;2520000000.0;937823610.68;31138;0.48;93780000.0;5138572;2.6500000000000004
2020-11-18;2.72;2.73;2.44;2.64;129000000.0;2460000000.0;937851648.69;31167;0.49;62870000.0;5172049;2.68
2020-11-19;2.64;2.7;2.55;2.64;43680000.0;2470000000.0;937879676.48;10173;0.49;53670000.0;5040560;2.64
2020-11-20;2.64;2.83;2.64;2.78;110000000.0;2570000000.0;937907181.82;15127;0.52;96430000.0;4953788;2.71
2020-11-21;2.78;3.26;2.69;3.23;202000000.0;2810000000.0;937935654.84;10208;0.73;128000000.0;4464901;3.005
2020-11-22;3.23;3.31;2.9;3.06;276000000.0;2900000000.0;937963681.62;10173;0.76;210000000.0;4314606;3.145
2020-11-23;3.07;3.4;3.0;3.38;259000000.0;3010000000.0;937991692.25;25419;0.83;109000000.0;4503110;3.2249999999999996
2020-11-24;3.37;3.77;3.33;3.59;311000000.0;3320000000.0;938019707.21;11201;0.85;200000000.0;4503708;3.48
2020-11-25;3.59;3.88;3.3;3.43;478000000.0;3360000000.0;938047737.43;2365;0.85;149000000.0;4733164;3.51
2020-11-26;3.42;3.52;2.7;2.96;612000000.0;2860000000.0;938075689;23344;1.09;139000000.0;4914187;3.19
2020-11-27;2.96;3.03;2.76;2.87;92660000.0;2710000000.0;938103705.93;26068;1.02;115000000.0;4976232;2.915
2020-11-28;2.87;3.07;2.82;3.0;78060000.0;2770000000.0;938131738.77;9305;1.02;124000000.0;5034644;2.935
2020-11-29;3.0;3.1;2.91;3.03;110000000.0;2810000000.0;938159774.62;20932;1;68600000.0;4842094;3.0149999999999997
2020-11-30;3.04;3.28;3.0;3.26;217000000.0;2950000000.0;938187809.31;21904;1.02;100000000.0;4744197;3.15
2020-12-01;3.26;3.34;2.92;3.0;341000000.0;2980000000.0;938215333.48;10347;1.05;146000000.0;4646744;3.13
2020-12-02;3.0;3.09;2.96;3.06;54920000.0;2840000000.0;938243785.63;21753;1.06;60600000.0;4691299;3.0300000000000002
2020-12-03;3.06;3.14;3.01;3.08;46820000.0;2890000000.0;938271823.22;21687;1.06;55830000.0;4310522;3.0700000000000003
2020-12-04;3.08;3.15;2.8;2.85;89010000.0;2830000000.0;938299860.58;28116;1.06;79330000.0;4531323;2.965
2020-12-05;2.85;3.01;2.82;3.01;35600000.0;2740000000.0;938327904.13;13383;1.09;46720000.0;4319767;2.9299999999999997
2020-12-06;3.01;3.04;2.91;3.0;27330000.0;2790000000.0;938355431.14;25396;1.1;40190000.0;4665987;3.005
2020-12-07;3.0;3.01;2.91;2.95;28560000.0;2780000000.0;938383888.6;11165;1.1;70460000.0;4373626;2.975
2020-12-08;2.95;2.96;2.74;2.8;164000000.0;2690000000.0;938411926.03;23092;1.11;56120000.0;4544720;2.875
2020-12-09;2.8;2.84;2.66;2.81;197000000.0;2600000000.0;938439946.88;20396;1.12;70270000.0;4598607;2.8049999999999997
2020-12-10;2.81;2.82;2.7;2.74;25920000.0;2590000000.0;938468012.73;16514;1.12;41830000.0;4232517;2.7750000000000004
2020-12-11;2.75;2.75;2.65;2.69;145000000.0;2530000000.0;938496037.54;25761;1.12;59440000.0;4518962;2.7199999999999998
2020-12-12;2.7;2.79;2.68;2.77;29790000.0;2580000000.0;938523574.54;21595;1.12;60390000.0;4440322;2.7350000000000003
2020-12-13;2.77;2.9;2.75;2.85;39720000.0;2660000000.0;938551603.02;21923;1.12;40300000.0;4615535;2.81
2020-12-14;2.85;2.86;2.8;2.85;46230000.0;2660000000.0;938579628.6;20306;1.11;58610000.0;4228841;2.85
2020-12-15;2.85;2.9;2.81;2.86;56250000.0;2680000000.0;938608143.55;8918;1.11;51420000.0;4347829;2.855
2020-12-16;2.86;3.12;2.82;3.1;122000000.0;2790000000.0;938635684.94;20783;1.11;94880000.0;4675817;2.98
2020-12-17;3.1;3.26;2.97;3.04;338000000.0;2920000000.0;938664197.57;9518;1.12;186000000.0;4420703;3.0700000000000003
2020-12-18;3.04;3.13;2.98;3.06;104000000.0;2870000000.0;938691744.4;975;1.12;80610000.0;4495802;3.05
2020-12-19;3.06;3.12;3.03;3.06;62870000.0;2900000000.0;938720256.99;9769;1.12;62070000.0;4489211;3.06
2020-12-20;3.06;3.33;3.0;3.13;233000000.0;2990000000.0;938747810.7;10462;1.12;130000000.0;4330832;3.0949999999999998
2020-12-21;3.13;3.28;2.9;2.93;180000000.0;2890000000.0;938776321.96;13568;0.99;150000000.0;4403893;3.0300000000000002
2020-12-22;2.93;2.95;2.77;2.9;104000000.0;2700000000.0;938803875.16;15579;0.98;78490000.0;4332907;2.915
2020-12-23;2.9;2.91;1.96;2.31;400000000.0;2390000000.0;938832387.41;997;0.95;139000000.0;4421315;2.605
2020-12-24;2.31;2.69;2.26;2.67;122000000.0;2320000000.0;938859946.88;16313;1.19;165000000.0;4294009;2.49
2020-12-25;2.67;2.74;2.54;2.66;219000000.0;2480000000.0;938887980.4;15599;1.24;101000000.0;4354791;2.665
2020-12-26;2.67;2.69;2.52;2.61;126000000.0;2460000000.0;938916047.97;10402;1.15;74990000.0;4267558;2.6399999999999997
2020-12-27;2.61;2.87;2.47;2.71;132000000.0;2520000000.0;938944181.43;10225;1.17;149000000.0;4444998;2.66
2020-12-28;2.72;2.89;2.68;2.76;199000000.0;2620000000.0;938972219.16;17443;1.16;104000000.0;4237603;2.74
2020-12-29;2.76;2.79;2.5;2.64;350000000.0;2470000000.0;939000353.3;10249;1.16;88330000.0;4242181;2.7
2020-12-30;2.64;2.67;2.54;2.61;194000000.0;2440000000.0;939028393.72;10429;1.12;80360000.0;4394734;2.625
2020-12-31;2.61;2.66;2.51;2.59;73300000.0;2430000000.0;939056684.05;9142;1.09;89080000.0;4308641;2.5999999999999996
2021-01-01;2.6;2.74;2.57;2.64;192000000.0;2480000000.0;939084666.84;14315;1.09;64000000.0;4247062;2.62
2021-01-02;2.64;2.73;2.57;2.63;187000000.0;2470000000.0;939112806.57;9505;1.09;88510000.0;4402263;2.635
2021-01-03;2.63;2.85;2.58;2.8;217000000.0;2550000000.0;939140944.88;11146;1.07;126000000.0;4282740;2.715
2021-01-04;2.81;3.13;2.6;2.82;492000000.0;2710000000.0;939168384.9;11293;1.06;208000000.0;3961067;2.815
2021-01-05;2.82;2.96;2.71;2.9;181000000.0;2670000000.0;939196426.72;10642;1.07;124000000.0;3968687;2.86
2021-01-06;2.9;3.47;2.85;3.38;631000000.0;3000000000.0;939224471.16;11013;1.25;296000000.0;4092789;3.1399999999999997
2021-01-07;3.38;3.46;3.04;3.2;622000000.0;3090000000.0;939252535.01;10771;1.19;190000000.0;4009154;3.29
2021-01-08;3.2;3.26;2.9;3.11;402000000.0;2900000000.0;939280677.91;175;1.22;173000000.0;3540204;3.1550000000000002
2021-01-09;3.11;3.75;3.02;3.63;483000000.0;3250000000.0;939308822.92;11124;1.31;235000000.0;3615454;3.37
2021-01-10;3.63;3.93;2.85;3.06;2210000000.0;3200000000.0;939337124.13;12611;1.43;296000000.0;3718313;3.3449999999999998
2021-01-11;3.06;3.07;2.38;2.67;1200000000.0;2520000000.0;939365114.53;1424;1.55;396000000.0;3611796;2.865
2021-01-12;2.67;2.77;2.53;2.6;260000000.0;2490000000.0;939393259.57;16774;1.51;101000000.0;3521875;2.635
2021-01-13;2.6;2.79;2.52;2.77;218000000.0;2510000000.0;939421405.49;13895;1.52;124000000.0;3283998;2.685
2021-01-14;2.77;2.86;2.69;2.81;181000000.0;2600000000.0;939448861.29;9911;1.53;132000000.0;3309532;2.79
2021-01-15;2.81;2.93;2.58;2.76;633000000.0;2590000000.0;939477375.86;1742;1.51;121000000.0;3294083;2.785
2021-01-16;2.77;2.89;2.71;2.78;240000000.0;2640000000.0;939504964.38;9428;1.5;113000000.0;3203915;2.775
2021-01-17;2.78;2.8;2.68;2.76;114000000.0;2580000000.0;939533477.67;8687;1.5;54450000.0;3178549;2.7699999999999996
2021-01-18;2.77;2.83;2.7;2.81;112000000.0;2610000000.0;939561444.01;984;1.5;102000000.0;3059055;2.79
2021-01-19;2.82;2.93;2.78;2.79;223000000.0;2690000000.0;939589126.78;973;1.5;114000000.0;3167495;2.8049999999999997
2021-01-20;2.79;2.82;2.66;2.78;162000000.0;2580000000.0;939617183.7;9886;1.48;107000000.0;3228641;2.785
2021-01-21;2.78;2.79;2.5;2.54;144000000.0;2480000000.0;939645241.36;9452;1.5;113000000.0;3137189;2.66
2021-01-22;2.54;2.68;2.43;2.62;167000000.0;2410000000.0;939673299.73;21035;1.33;108000000.0;3173713;2.58
2021-01-23;2.62;2.78;2.58;2.71;156000000.0;2520000000.0;939701355.02;8983;1.23;102000000.0;3170399;2.665
2021-01-24;2.7;2.78;2.65;2.72;110000000.0;2560000000.0;939729414.49;8254;1.23;80210000.0;3018645;2.71
2021-01-25;2.72;2.77;2.63;2.65;124000000.0;2560000000.0;939757472.29;9125;1.22;87990000.0;3023257;2.685
2021-01-26;2.64;2.67;2.56;2.63;168000000.0;2460000000.0;939785931.82;8212;1.22;83740000.0;3036216;2.635
2021-01-27;2.63;2.63;2.46;2.51;170000000.0;2390000000.0;939814010.61;8157;1.23;76730000.0;3208227;2.57
2021-01-28;2.51;2.8;2.48;2.71;352000000.0;2520000000.0;939841658.21;81;1.25;114000000.0;3531143;2.61
2021-01-29;2.71;2.91;2.65;2.73;569000000.0;2600000000.0;939869719.09;1668;1.25;163000000.0;3331752;2.7199999999999998
2021-01-30;2.73;3.1;2.69;2.93;454000000.0;2720000000.0;939897782.86;7899;1.29;155000000.0;3080291;2.83
2021-01-31;2.93;3.08;2.8;2.93;667000000.0;2790000000.0;950125447.53;826;1.28;108000000.0;3141999;2.93
2021-02-01;2.93;3.28;2.89;3.06;1530000000.0;2940000000.0;950153512.51;11417;1.28;287000000.0;3185143;2.995
2021-02-02;3.05;3.08;2.96;3.0;250000000.0;2860000000.0;950181576.95;7957;1.27;113000000.0;2985207;3.025
2021-02-03;3.0;3.14;2.99;3.07;232000000.0;2910000000.0;950209645.99;8431;1.27;102000000.0;3017759;3.035
2021-02-04;3.07;3.15;2.98;3.03;276000000.0;2900000000.0;950237711.77;6808;1.27;113000000.0;3365126;3.05
2021-02-05;3.03;3.38;3.01;3.32;503000000.0;3020000000.0;950265811.9;17096;1.15;164000000.0;3369127;3.175
2021-02-06;3.32;3.33;3.14;3.22;426000000.0;3060000000.0;950293880.89;8359;1.16;108000000.0;3086243;3.27
2021-02-07;3.21;3.6;3.03;3.44;1350000000.0;3180000000.0;950321949.58;8148;1.17;193000000.0;2920159;3.325
2021-02-08;3.45;3.6;3.35;3.6;866000000.0;3310000000.0;950348327.64;8712;1.04;187000000.0;3111754;3.5250000000000004
2021-02-09;3.63;4.31;3.48;4.17;1540000000.0;3690000000.0;950376418.38;9086;0.93;276000000.0;3082839;3.9
2021-02-10;4.17;4.54;3.66;4.13;1400000000.0;3930000000.0;950404507.3;9771;0.94;312000000.0;3229967;4.15
2021-02-11;4.13;4.68;4.01;4.59;1260000000.0;4130000000.0;950432619.03;918;0.92;233000000.0;3090347;4.359999999999999
2021-02-12;4.59;4.85;4.23;4.76;1030000000.0;4350000000.0;950461121.95;17737;0.94;248000000.0;2861441;4.675
2021-02-13;4.76;5.56;4.5;5.56;2009999999.9999998;4790000000.0;950488921.4;9387;0.98;351000000.0;2474755;5.16
2021-02-14;5.56;5.61;4.87;5.07;1270000000.0;4990000000.0;950517191.32;8719;1.14;171000000.0;2426289;5.3149999999999995
2021-02-15;5.08;5.25;4.13;4.71;1630000000.0;4460000000.0;950545338.57;8515;1.14;228000000.0;2438195;4.895
2021-02-16;4.72;4.97;4.41;4.65;1140000000.0;4480000000.0;950573703.6;7325;1.19;147000000.0;2491589;4.6850000000000005
2021-02-17;4.65;4.89;4.42;4.84;922000000.0;4480000000.0;950602948.94;793;1.18;164000000.0;2446458;4.745
2021-02-18;4.85;4.99;4.66;4.82;1100000000.0;4620000000.0;950629573.05;8081;1.18;172000000.0;2402819;4.835
2021-02-19;4.82;5.37;4.65;5.23;1050000000.0;4850000000.0;950657775.4;16749;1.19;214000000.0;2383596;5.025
2021-02-20;5.23;5.45;4.52;4.84;958000000.0;4890000000.0;950686071.04;9047;1.14;209000000.0;2385379;5.035
2021-02-21;4.83;5.37;4.74;5.1;1210000000.0;4810000000.0;950714365.69;8677;1.2;200000000.0;2408449;4.965
2021-02-22;5.11;5.3;4.11;4.69;2029999999.9999998;4570000000.0;950742467.7;9394;1.29;301000000.0;2547876;4.9
2021-02-23;4.69;4.72;3.19;3.85;1210000000.0;3690000000.0;950770765.54;8384;1.45;393000000.0;2499046;4.2700000000000005
2021-02-24;3.85;4.14;3.68;3.89;709000000.0;3750000000.0;950798248.11;8188;1.41;179000000.0;2552196;3.87
2021-02-25;3.89;4.1;3.62;3.67;463000000.0;3720000000.0;950826730.87;7925;1.41;143000000.0;2599281;3.7800000000000002
2021-02-26;3.67;3.77;3.4;3.55;517000000.0;3420000000.0;950854453.37;16391;1.41;123000000.0;2439024;3.61
2021-02-27;3.55;3.84;3.54;3.68;325000000.0;3530000000.0;950882636.41;7754;1.42;88640000.0;2185266;3.615
2021-02-28;3.67;3.7;3.25;3.48;423000000.0;3280000000.0;950910816.53;6773;1.46;89170000.0;2193116;3.575
2021-03-01;3.48;3.76;3.46;3.71;382000000.0;3430000000.0;950938923.47;7869;1.41;104000000.0;2369681;3.5949999999999998
2021-03-02;3.71;3.85;3.57;3.67;403000000.0;3510000000.0;950967139.8;7538;1.42;115000000.0;2212030;3.69
2021-03-03;3.67;4.07;3.65;3.83;406000000.0;3700000000.0;950995445.96;7648;1.43;142000000.0;2225496;3.75
2021-03-04;3.82;3.93;3.64;3.75;376000000.0;3610000000.0;951023748.82;826;1.42;104000000.0;2199074;3.785
2021-03-05;3.75;3.75;3.56;3.69;249000000.0;3480000000.0;951052054.55;15747;1.42;115000000.0;2174508;3.7199999999999998
2021-03-06;3.7;3.77;3.6;3.72;222000000.0;3520000000.0;951080361.73;76;1.42;83840000.0;2152338;3.71
2021-03-07;3.73;3.85;3.72;3.83;262000000.0;3590000000.0;951108667.09;7734;1.39;94590000.0;2223556;3.7800000000000002
2021-03-08;3.83;3.93;3.74;3.9;323000000.0;3650000000.0;951135779.15;759;1.38;111000000.0;2205827;3.865
2021-03-09;3.9;4.19;3.85;4.17;343000000.0;3810000000.0;951163931.22;8773;1.37;159000000.0;2258993;4.035
2021-03-10;4.17;4.19;3.9;3.99;338000000.0;3840000000.0;951192059.89;8476;1.37;157000000.0;2492979;4.08
2021-03-11;3.99;4.05;3.78;3.95;321000000.0;3750000000.0;951220174.67;8479;1.27;127000000.0;2900800;3.97
2021-03-12;3.96;3.99;3.67;3.78;265000000.0;3650000000.0;951248304.67;15821;1.28;138000000.0;2560128;3.87
2021-03-13;3.78;4.38;3.68;4.28;398000000.0;3830000000.0;951276400.49;8282;1.27;173000000.0;3015494;4.03
2021-03-14;4.28;4.38;3.93;3.93;332000000.0;3940000000.0;951304516.53;762;1.31;126000000.0;2611757;4.105
2021-03-15;3.93;4.03;3.72;3.81;513000000.0;3670000000.0;951332631.1;8017;1.18;148000000.0;2913847;3.87
2021-03-16;3.81;4.13;3.67;4.07;408000000.0;3760000000.0;951360787.51;8092;1.17;126000000.0;2547464;3.9400000000000004
2021-03-17;4.06;4.1;3.86;4.09;251000000.0;3780000000.0;951388962.46;8296;1.16;133000000.0;2486433;4.074999999999999
2021-03-18;4.09;4.33;4.06;4.14;451000000.0;3970000000.0;951417120.51;8999;1.17;135000000.0;2558813;4.115
2021-03-19;4.14;4.27;4.03;4.14;207000000.0;3980000000.0;951445337.01;15958;1.15;114000000.0;2571252;4.14
2021-03-20;4.14;4.5;4.13;4.33;313000000.0;4160000000.0;951473456.08;8697;1.19;142000000.0;2835607;4.234999999999999
2021-03-21;4.33;4.42;4.12;4.16;261000000.0;4030000000.0000005;951501619.09;7859;1.12;106000000.0;2652855;4.245
2021-03-22;4.16;4.35;4.0;4.08;367000000.0;3990000000.0;951529717.98;8767;1.11;149000000.0;2717615;4.12
2021-03-23;4.08;4.27;4.04;4.09;264000000.0;3940000000.0;951557852.62;8924;1.09;133000000.0;2719711;4.085
2021-03-24;4.09;4.31;3.45;3.69;483000000.0;3760000000.0;951586003.55;10613;1.06;144000000.0;2485888;3.8899999999999997
2021-03-25;3.69;3.78;3.53;3.68;408000000.0;3500000000.0;951614126.76;8956;0.91;117000000.0;2927039;3.685
2021-03-26;3.68;4.19;3.67;4.19;611000000.0;3790000000.0;951642251.36;17297;0.99;176000000.0;2849746;3.9350000000000005
2021-03-27;4.19;4.2;3.98;4.09;201000000.0;3900000000.0;952003731.85;7883;1.01;78210000.0;2709123;4.140000000000001
2021-03-28;4.09;4.22;4.03;4.11;282000000.0;3940000000.0;952031916.4;7043;1.01;124000000.0;2890189;4.1
2021-03-29;4.11;4.31;4.06;4.28;247000000.0;4019999999.9999995;952060061.91;7645;1.01;123000000.0;2753511;4.195
2021-03-30;4.28;4.41;4.2;4.34;172000000.0;4099999999.9999995;952088209.17;7823;0.99;185000000.0;2743815;4.3100000000000005
2021-03-31;4.34;4.91;4.07;4.81;633000000.0;4250000000.0;952116340;846;0.99;197000000.0;2779370;4.574999999999999
2021-04-01;4.81;5.98;4.71;5.59;2290000000.0;5020000000.0;952144583.74;9715;1.05;421000000.0;2658426;5.199999999999999
2021-04-02;5.6;6.35;5.37;6.26;2270000000.0;5560000000.0;952171346.41;8229;1.18;430000000.0;2934151;5.93
2021-04-03;6.26;6.49;5.21;5.41;1630000000.0;5630000000.0;952199850.16;7931;1.26;191000000.0;2414437;5.835
2021-04-04;5.41;6.3;5.33;6.28;1020000000.0;5570000000.0;952228012.6;7171;1.35;233000000.0;2488876;5.845000000000001
2021-04-05;6.29;7.07;5.83;6.7;3000000000.0;6130000000.0;952256637.08;9953;1.42;469000000.0;2557570;6.495
2021-04-06;6.7;7.09;6.19;6.64;1920000000.0;6330000000.0;952283856.6;7936;1.42;312000000.0;2274146;6.67
2021-04-07;6.65;7.05;5.73;5.88;2280000000.0;6010000000.0;952311987.85;7436;1.49;361000000.0;1865345;6.265000000000001
2021-04-08;5.89;6.47;5.8;6.44;913000000.0;5890000000.0;952339869.12;6973;1.49;208000000.0;2679141;6.165
2021-04-09;6.44;6.6;6.07;6.2;307000000.0;6020000000.0;952368159.95;15343;1.5;138000000.0;2665594;6.32
2021-04-10;6.22;6.76;6.15;6.61;398000000.0;6150000000.0;952397595.69;6978;1.5;143000000.0;3073758;6.415
2021-04-11;6.61;7.06;6.55;6.72;1220000000.0;6480000000.0;952425026.8;5988;1.48;230000000.0;2544155;6.665
2021-04-12;6.74;6.86;6.29;6.48;692000000.0;6270000000.0;952453364.96;6743;1.45;191000000.0;2591761;6.61
2021-04-13;6.48;7.55;6.42;7.38;700000000.0;6750000000.0;952481697.41;7463;1.46;377000000.0;3451678;6.93
2021-04-14;7.39;8.09;7.04;7.67;1130000000.0;7270000000.0;952510039.59;7784;1.45;472000000.0;2890958;7.529999999999999
2021-04-15;7.67;7.93;7.28;7.89;849000000.0;7270000000.0;952537241.51;6979;1.44;257000000.0;1897315;7.779999999999999
2021-04-16;7.9;8.75;7.08;8.51;1400000000.0;7600000000.0;952565368.65;16674;1.44;463000000.0;3114446;8.205
2021-04-17;8.51;8.85;7.61;7.79;972000000.0;7860000000.0;952593497.92;7271;1.5;393000000.0;3482290;8.15
2021-04-18;7.79;7.94;5.9;7.3;1070000000.0000001;6510000000.0;952621627.58;624;1.59;291000000.0;2891799;7.545
2021-04-19;7.3;7.51;6.5;6.6;821000000.0;6710000000.0;952649757.19;7228;1.55;276000000.0;3237925;6.949999999999999
2021-04-20;6.61;6.86;6.06;6.7;1260000000.0;6140000000.0;952677888.65;6137;1.56;208000000.0;3388533;6.655
2021-04-21;6.7;6.86;6.23;6.32;447000000.0;6260000000.0;952706019.11;6079;1.56;178000000.0;3204881;6.51
2021-04-22;6.37;6.82;5.6;5.86;812000000.0;6020000000.0;952734339.19;6554;1.58;270000000.0;3774354;6.115
2021-04-23;5.86;6.0;4.47;5.58;828000000.0;4970000000.0;952762682.2;17522;1.6;256000000.0;3448757;5.720000000000001
2021-04-24;5.58;5.63;5.03;5.09;325000000.0;5020000000.0;952791026.82;6408;1.6;107000000.0;3039939;5.335
2021-04-25;5.09;5.47;4.62;5.0;449000000.0;4850000000.0;952818588.05;6288;1.55;310000000.0;3109104;5.045
2021-04-26;5.01;5.91;4.93;5.87;781000000.0;5270000000.0;952846723.09;6464;1.61;171000000.0;3241058;5.4399999999999995
2021-04-27;5.87;6.11;5.75;6.07;503000000.0;5680000000.0;952874861.75;6192;1.65;149000000.0;3346103;5.970000000000001
2021-04-28;6.07;6.23;5.69;5.96;727000000.0;5640000000.0;952902997.07;6079;1.65;144000000.0;3295047;6.015000000000001
2021-04-29;5.96;6.05;5.61;5.9;335000000.0;5580000000.0;952931770.83;6029;1.66;114000000.0;3700667;5.93
2021-04-30;5.9;6.46;5.79;6.46;428000000.0;5940000000.0;952959903.41;17272;1.63;166000000.0;2853947;6.18
2021-05-01;6.45;6.66;6.29;6.62;345000000.0;6180000000.0;952987479.95;6394;1.55;149000000.0;2950135;6.535
2021-05-02;6.62;6.7;6.18;6.53;336000000.0;6180000000.0;953015620.18;5433;1.51;108000000.0;3161564;6.575
2021-05-03;6.53;6.95;6.53;6.81;370000000.0;6410000000.0;953043760.89;10777;1.43;425000000.0;3301979;6.67
2021-05-04;6.83;7.09;6.22;6.34;1260000000.0;6290000000.0;953071901.95;8642;1.33;263000000.0;3225799;6.585
2021-05-05;6.34;8.84;6.21;8.73;1590000000.0;7390000000.0;953100453.89;6934;1.65;640000000.0;3466468;7.535
2021-05-06;8.73;12.86;8.43;11.48;6090000000.0;10170000000.0;953128707.69;8906;2.13;1100000000.0;3207596;10.105
2021-05-07;11.49;13.26;9.57;10.38;6600000000.0;10920000000.0;953156910.64;2142;2.08;1590000000.0;4347426;10.935
2021-05-08;10.38;11.22;9.62;10.35;1640000000.0;9900000000.0;953185055;6931;2.09;414000000.0;4446335;10.365
2021-05-09;10.36;11.11;9.12;10.54;3570000000.0;9620000000.0;953213200.8;6904;2.09;376000000.0;5141489;10.45
2021-05-10;10.54;11.01;8.22;9.27;1660000000.0;9530000000.0;953241346.67;8187;2.08;543000000.0;3997539;9.905
2021-05-11;9.27;14.55;8.78;14.53;4590000000.0;11490000000.0;953269493.79;8711;2.55;1350000000.0;3815792;11.899999999999999
2021-05-12;14.53;14.91;10.16;10.36;4010000000.0;12330000000.0;953297680.74;9025;2.92;965000000.0;3493565;12.445
2021-05-13;10.32;11.65;9.43;10.59;2380000000.0;10050000000.0;953325828.8;9969;3.04;797000000.0;3221281;10.455
2021-05-14;10.6;11.68;10.51;11.16;1650000000.0;10600000000.0;953353978.66;19659;3.02;1960000000.0;3728596;10.879999999999999
2021-05-15;11.16;11.94;10.13;10.25;2120000000.0;10370000000.0;953382128.19;7559;3.03;547000000.0;2510373;10.705
2021-05-16;10.32;11.23;9.43;10.12;1540000000.0;9820000000.0;953410279.59;6446;3.04;273000000.0;3220652;10.219999999999999
2021-05-17;10.13;10.14;8.61;9.14;1120000000.0;8820000000.0;953438431.45;6553;3.05;420000000.0;3767620;9.635000000000002
2021-05-18;9.15;10.03;8.96;9.33;857000000.0;9010000000.0;953466583.57;6197;3.03;235000000.0;3670145;9.24
2021-05-19;9.33;9.49;4.15;5.7;3720000000.0;6580000000.0;953494736.45;6825;3.21;739000000.0;3965695;7.515000000000001
2021-05-20;5.71;7.02;5.13;6.66;1210000000.0;5960000000.0;953522890.79;607;3.35;425000000.0;4227507;6.1850000000000005
2021-05-21;6.66;6.93;4.85;5.57;1130000000.0;5550000000.0;953551044.74;18862;3.41;400000000.0;3845861;6.115
2021-05-22;5.57;5.67;4.91;5.11;691000000.0;5060000000.0;953579200.7;5383;3.41;163000000.0;3228947;5.34
2021-05-23;5.1;5.33;3.58;4.3;881000000.0;4210000000.0;953607084.15;5604;3.49;211000000.0;3615685;4.699999999999999
2021-05-24;4.3;5.65;4.18;5.65;668000000.0;4660000000.0;953635235.45;5838;3.5;410000000.0;3595372;4.975
2021-05-25;5.65;6.0;5.06;5.7;929000000.0;5260000000.0;953663386.7;5672;3.6;280000000.0;3607434;5.675000000000001
2021-05-26;5.7;6.52;5.55;6.44;823000000.0;5880000000.0;953691537.81;6049;3.56;257000000.0;3714260;6.07
2021-05-27;6.44;7.67;6.06;7.02;1310000000.0;6610000000.0;953719691.72;5809;3.59;513000000.0;3546349;6.73
2021-05-28;6.94;7.07;5.83;6.12;1590000000.0;6010000000.0;953747845.19;16686;3.61;326000000.0;3383368;6.53
2021-05-29;6.12;6.82;5.75;6.02;849000000.0;6020000000.0;953776000.44;5023;3.62;260000000.0;3523101;6.07
2021-05-30;6.03;6.37;5.54;6.04;519000000.0;5770000000.0;953804155.42;4818;3.6;179000000.0;3395867;6.035
2021-05-31;6.03;6.69;5.74;6.63;496000000.0;5890000000.0;953832310.59;5668;3.6;248000000.0;3793162;6.33
2021-06-01;6.63;6.76;6.07;6.31;447000000.0;6050000000.0;953860467.66;5497;3.62;206000000.0;3804850;6.47
2021-06-02;6.31;6.58;6.12;6.37;354000000.0;6050000000.0;953888625.18;5605;3.62;136000000.0;3261752;6.34
2021-06-03;6.37;6.7;6.23;6.53;329000000.0;6160000000.0;953916783.68;6729;3.61;121000000.0;3003126;6.45
2021-06-04;6.53;6.54;5.78;6.02;360000000.0;5790000000.0;953944944.01;1705;3.39;163000000.0;3721667;6.275
2021-06-05;6.02;6.22;5.64;5.78;254000000.0;5660000000.0;953973103.7;5231;3.2;107000000.0;3291092;5.9
2021-06-06;5.78;5.95;5.71;5.85;163000000.0;5570000000.0;954001264;6186;3.19;231000000.0;3625910;5.8149999999999995
2021-06-07;5.85;5.97;5.08;5.19;257000000.0;5350000000.0;954029425.25;5713;3.19;210000000.0;3558511;5.52
2021-06-08;5.19;5.26;4.51;5.05;390000000.0;4700000000.0;954057587.61;6555;3.22;169000000.0;3384003;5.12
2021-06-09;5.06;5.4;4.77;5.34;316000000.0;4850000000.0;954085751.19;5337;3.19;179000000.0;3453522;5.199999999999999
2021-06-10;5.34;5.47;4.93;5.08;249000000.0;4960000000.0;954113914.15;509;2.47;206000000.0;3685966;5.21
2021-06-11;5.08;5.4;4.86;4.92;269000000.0;4860000000.0;954142079.49;15897;2.29;120000000.0;3233211;5.0
2021-06-12;4.91;4.91;4.59;4.83;168000000.0;4550000000.0;954170245.12;4908;2.28;98290000.0;3505805;4.87
2021-06-13;4.83;5.11;4.66;5.09;133000000.0;4630000000.0;954198411.39;4544;2.27;57530000.0;3253656;4.96
2021-06-14;5.09;5.34;4.95;5.32;165000000.0;4890000000.0;954226578.71;4826;2.27;74000000.0;2991427;5.205
2021-06-15;5.3;5.54;5.12;5.18;156000000.0;5010000000.0;954254746.38;4936;2.28;102000000.0;3038425;5.24
2021-06-16;5.18;5.23;4.82;4.86;153000000.0;4800000000.0;954282914.05;5684;2.26;92520000.0;3345264;5.02
2021-06-17;4.86;5.08;4.76;4.87;120000000.0;4710000000.0;954311084.8;4799;2.26;75950000.0;3545703;4.865
2021-06-18;4.87;4.89;4.39;4.56;196000000.0;4460000000.0;954339268.31;16547;1.84;90580000.0;3527491;4.715
2021-06-19;4.56;4.7;4.45;4.46;99350000.0;4370000000.0;954367446.63;473;1.75;45610000.0;3665519;4.51
2021-06-20;4.46;4.53;4.1;4.51;146000000.0;4130000000.0;954395618.82;468;1.66;79170000.0;3305067;4.484999999999999
2021-06-21;4.52;4.52;3.51;3.52;269000000.0;3760000000.0;954423790.68;5228;1.73;119000000.0;3069524;4.02
2021-06-22;3.52;3.76;3.05;3.39;325000000.0;3240000000.0;954451962.85;5078;1.72;162000000.0;3606401;3.455
2021-06-23;3.39;3.81;3.26;3.67;188000000.0;3460000000.0;954480138.86;4768;1.34;79150000.0;3714500;3.5300000000000002
2021-06-24;3.68;3.93;3.52;3.92;166000000.0;3610000000.0;954508312.6;4604;1.36;80950000.0;3579331;3.8
2021-06-25;3.92;4.02;3.51;3.53;175000000.0;3580000000.0;954536489.09;14628;1.31;77530000.0;4039411;3.7249999999999996
2021-06-26;3.53;3.66;3.35;3.57;114000000.0;3320000000.0;954648000.91;4589;1.26;52050000.0;4084536;3.55
2021-06-27;3.57;3.78;3.49;3.78;83410000.0;3440000000.0;954676175.37;4443;1.2;43930000.0;3552207;3.675
2021-06-28;3.78;3.94;3.69;3.85;97400000.0;3630000000.0;954704353.82;4669;1.24;92030000.0;3148499;3.815
2021-06-29;3.85;4.29;3.84;4.13;230000000.0;3910000000.0;954732532.86;4799;1.28;102000000.0;3520272;3.99
2021-06-30;4.13;4.3;3.83;4.14;303000000.0;3860000000.0;954760713.32;4735;1.22;101000000.0;4339936;4.135
2021-07-01;4.14;4.21;3.86;3.92;131000000.0;3810000000.0;954788893.58;4433;1.21;76650000.0;4462262;4.029999999999999
2021-07-02;3.92;4.0;3.75;3.92;119000000.0;3670000000.0;954817074.45;13931;1.21;58760000.0;3590392;3.92
2021-07-03;3.92;4.06;3.85;4.05;80440000.0;3800000000.0;954845256.41;4875;1.21;34680000.0;3217360;3.985
2021-07-04;4.05;4.18;3.95;4.06;118000000.0;3900000000.0;954873438.98;4513;1.2;42800000.0;3277706;4.055
2021-07-05;4.06;4.06;3.76;3.81;109000000.0;3720000000.0;954901622.81;5106;1.2;69510000.0;3255826;3.9349999999999996
2021-07-06;3.81;4.01;3.78;3.88;97020000.0;3710000000.0;954929806.93;4898;1.2;47810000.0;3281083;3.8449999999999998
2021-07-07;3.88;3.98;3.82;3.83;102000000.0;3740000000.0;954957991.65;5001;1.15;37760000.0;3194983;3.855
2021-07-08;3.83;3.84;3.53;3.6;114000000.0;3500000000.0;954986177.63;4777;1.15;77630000.0;3387540;3.715
2021-07-09;3.6;4.31;3.46;4.22;363000000.0;3840000000.0;955014364.7;1625;1.3;194000000.0;3111824;3.91
2021-07-10;4.22;4.42;3.87;3.96;266000000.0;3910000000.0;955042552.39;4983;1.31;140000000.0;3105798;4.09
2021-07-11;3.97;4.18;3.83;4.08;159000000.0;3850000000.0;955070741.01;472;1.31;58640000.0;3029507;4.025
2021-07-12;4.08;4.38;4.04;4.19;385000000.0;4040000000.0;955098929.75;5065;1.31;112000000.0;2704817;4.135
2021-07-13;4.19;4.21;3.79;3.89;243000000.0;3790000000.0;955127119.74;4676;1.31;83460000.0;2524000;4.04
2021-07-14;3.89;3.93;3.59;3.8;139000000.0;3580000000.0;955155309.86;4507;1.3;62880000.0;2249018;3.8449999999999998
2021-07-15;3.8;3.92;3.56;3.67;113000000.0;3550000000.0;955183501.89;4466;1.31;50990000.0;2788987;3.735
2021-07-16;3.67;3.84;3.53;3.65;125000000.0;3520000000.0;955211693.71;165;1.3;58790000.0;2172695;3.66
2021-07-17;3.65;3.78;3.58;3.66;122000000.0;3500000000.0;955239886.95;4619;1.29;64830000.0;2712215;3.6550000000000002
2021-07-18;3.66;3.78;3.56;3.64;67530000.0;3510000000.0;955268081.29;4532;1.28;26800000.0;2650006;3.6500000000000004
2021-07-19;3.64;3.68;3.4;3.44;98750000.0;3360000000.0;955296275.91;4408;1.29;63130000.0;2651112;3.54
2021-07-20;3.44;3.55;3.15;3.26;125000000.0;3140000000.0;955324471.14;4569;1.3;64310000.0;1999941;3.3499999999999996
2021-07-21;3.26;3.57;3.21;3.5;153000000.0;3280000000.0;955352666.65;4444;1.09;59220000.0;2833888;3.38
2021-07-22;3.5;3.58;3.42;3.57;110000000.0;3350000000.0;955380863.1;4427;1.08;34900000.0;2690210;3.535
2021-07-23;3.57;3.66;3.46;3.64;82950000.0;3400000000.0;955409060.8;17033;1.05;50820000.0;;3.605
2021-07-24;3.64;3.74;3.62;3.67;88160000.0;3510000000.0;955437258.95;4767;1.02;46720000.0;;3.6550000000000002
2021-07-25;3.67;3.7;3.55;3.66;84490000.0;3460000000.0;955465458.85;4407;0.96;35070000.0;;3.665
2021-07-26;3.66;4.0;3.63;3.68;220000000.0;3670000000.0;955493658.55;486;0.98;118000000.0;;3.67
2021-07-27;3.68;3.79;3.6;3.76;122000000.0;3530000000.0;955521858.52;4515;0.94;54130000.0;;3.7199999999999998
2021-07-28;3.76;4.02;3.68;3.92;204000000.0;3710000000.0;955550059.91;4473;0.93;83730000.0;;3.84
2021-07-29;3.92;3.99;3.8;3.97;93810000.0;3710000000.0;955578261.27;4329;0.91;51100000.0;;3.9450000000000003
2021-07-30;3.97;4.08;3.78;4.07;120000000.0;3750000000.0;955606615.01;17807;0.91;78210000.0;;4.0200000000000005
2021-07-31;4.07;4.21;4.0;4.07;195000000.0;3900000000.0;955634669.38;4841;0.9;94540000.0;2073448;4.07
2021-08-01;4.07;4.24;3.86;3.94;182000000.0;3930000000.0;955662873.7;522;0.89;110000000.0;2592505;4.005
2021-08-02;3.94;4.16;3.89;4.03;133000000.0;3870000000.0;955691177.54;4522;0.9;62770000.0;2264187;3.9850000000000003
2021-08-03;4.03;4.1;3.87;4.02;110000000.0;3810000000.0;955719401.19;4471;0.9;54130000.0;2402363;4.025
2021-08-04;4.03;4.15;3.93;4.11;142000000.0;3880000000.0;955747491.28;4266;0.88;54030000.0;3309677;4.07
2021-08-05;4.11;4.22;3.94;4.19;160000000.0;3920000000.0;955775698.19;4368;0.87;85730000.0;3035756;4.15
2021-08-06;4.19;4.35;4.1;4.32;213000000.0;4040000000.0;955803908;17545;0.88;82770000.0;2473955;4.255000000000001
2021-08-07;4.32;4.65;4.28;4.6;314000000.0;4310000000.0;955832116.62;4961;0.86;109000000.0;2829131;4.46
2021-08-08;4.59;4.67;4.23;4.3;201000000.0;4260000000.0;955860327.31;4731;0.68;176000000.0;2697578;4.445
2021-08-09;4.3;4.57;4.16;4.53;233000000.0;4219999999.9999995;955888537.8;4707;0.68;72930000.0;2697194;4.415
2021-08-10;4.53;4.72;4.4;4.6;177000000.0;4360000000.0;955916750.52;4381;0.68;146000000.0;2885336;4.5649999999999995
2021-08-11;4.6;4.98;4.59;4.75;231000000.0;4570000000.0;955944962.23;4625;0.7;194000000.0;2912172;4.675
2021-08-12;4.75;5.09;4.54;4.66;276000000.0;4570000000.0;955973174.37;451;0.63;248000000.0;3282806;4.705
2021-08-13;4.66;5.17;4.61;5.16;212000000.0;4700000000.0;956001387.29;18205;0.71;165000000.0;2864261;4.91
2021-08-14;5.16;5.56;5.05;5.49;529000000.0;5070000000.0;956029601.8;5095;0.72;214000000.0;3037059;5.325
2021-08-15;5.49;5.71;5.13;5.7;514000000.0;5150000000.0;956057816.58;4629;0.71;144000000.0;2541371;5.595000000000001
2021-08-16;5.7;5.94;5.45;5.52;700000000.0;5500000000.0;956086031.81;495;0.71;273000000.0;3012703;5.609999999999999
2021-08-17;5.52;5.69;5.01;5.06;387000000.0;5150000000.0;956114248.14;4612;0.74;263000000.0;3150925;5.289999999999999
2021-08-18;5.06;5.18;4.73;4.98;396000000.0;4760000000.0;956142467.04;4517;0.8;141000000.0;2403654;5.02
2021-08-19;4.98;5.26;4.81;5.25;344000000.0;4780000000.0;956170684.75;4409;0.77;113000000.0;3204057;5.115
2021-08-20;5.25;5.48;5.19;5.46;211000000.0;5080000000.0;956198903.72;18657;0.74;113000000.0;2876743;5.355
2021-08-21;5.46;5.65;5.28;5.36;257000000.0;5210000000.0;956227123.3;4806;0.72;127000000.0;2981952;5.41
2021-08-22;5.36;5.55;5.21;5.42;204000000.0;5150000000.0;956255343.49;4427;0.74;98830000.0;2796169;5.390000000000001
2021-08-23;5.42;5.71;5.37;5.6;263000000.0;5320000000.0;956283565.59;4794;0.73;158000000.0;3225010;5.51
2021-08-24;5.59;5.69;4.89;5.06;360000000.0;5080000000.0;956311787.16;4719;0.74;226000000.0;3229551;5.324999999999999
2021-08-25;5.06;5.25;4.91;5.21;232000000.0;4880000000.0;956340010.15;4474;0.82;122000000.0;2897240;5.135
2021-08-26;5.21;5.28;4.65;4.74;251000000.0;4700000000.0;956404599.16;4636;0.87;167000000.0;3148144;4.975
2021-08-27;4.74;5.09;4.62;5.09;210000000.0;4650000000.0;956488452.5;752;0.89;82380000.0;2990452;4.915
2021-08-28;5.09;5.11;4.88;5.01;133000000.0;4770000000.0;956572314.11;4567;0.91;68760000.0;2726163;5.05
2021-08-29;5.01;5.25;4.97;5.06;195000000.0;4870000000.0;956656179.63;4458;0.91;108000000.0;3277766;5.035
2021-08-30;5.06;5.08;4.8;4.82;143000000.0;4730000000.0;956740056.8;17557;0.93;73950000.0;2322961;4.9399999999999995
2021-08-31;4.82;5.1;4.76;5.04;198000000.0;4740000000.0;956823933.03;4707;0.94;130000000.0;2736411;4.93
2021-09-01;5.02;5.33;4.91;5.31;283000000.0;4910000000.0;956907816.55;4492;0.93;103000000.0;2744668;5.164999999999999
2021-09-02;5.31;5.39;5.17;5.26;213000000.0;5060000000.0;956991714.64;4854;0.95;143000000.0;2837503;5.285
2021-09-03;5.26;5.74;5.13;5.67;370000000.0;5260000000.0;957075614.21;21036;0.95;201000000.0;3000729;5.465
2021-09-04;5.67;5.89;5.55;5.69;396000000.0;5460000000.0;957159667.23;4921;0.98;190000000.0;2787709;5.68
2021-09-05;5.7;6.33;5.52;6.3;802000000.0;5700000000.0;957243866.95;4934;0.98;182000000.0;2782011;6.0
2021-09-06;6.3;6.43;5.89;6.22;815000000.0;5930000000.0;957327349.43;514;1.04;238000000.0;2765496;6.26
2021-09-07;6.22;6.26;4.29;4.89;928000000.0;5080000000.0;957411274.81;5028;1.06;281000000.0;2705357;5.555
2021-09-08;4.89;4.97;4.42;4.75;392000000.0;4510000000.0;957495210.4;4586;1.25;183000000.0;2337560;4.82
2021-09-09;4.75;4.95;4.66;4.82;284000000.0;4610000000.0;957579151.83;4592;1.24;107000000.0;2653036;4.785
2021-09-10;4.82;5.05;4.46;4.57;262000000.0;4540000000.0;957663097.16;18246;1.24;104000000.0;2853509;4.695
2021-09-11;4.57;4.79;4.55;4.67;150000000.0;4490000000.0;957747050.77;5564;1.25;53100000.0;2324731;4.62
2021-09-12;4.67;5.0;4.58;4.88;211000000.0;4620000000.0;957831014.11;4454;1.26;92710000.0;2300380;4.775
2021-09-13;4.88;4.95;4.49;4.74;386000000.0;4490000000.0;957914981.85;4727;1.22;139000000.0;2318657;4.8100000000000005
2021-09-14;4.74;4.88;4.71;4.86;216000000.0;4600000000.0;957998953.98;4698;1.18;86300000.0;2797670;4.800000000000001
2021-09-15;4.87;5.16;4.77;5.11;253000000.0;4760000000.0;958082933.41;4648;1.18;120000000.0;2671539;4.99
2021-09-16;5.11;5.19;4.88;5.02;299000000.0;4840000000.0;958166923.56;4501;1.19;88000000.0;2254906;5.0649999999999995
2021-09-17;5.02;5.52;4.95;5.25;505000000.0;5050000000.0;958250916.15;18719;1.15;332000000.0;2698736;5.135
2021-09-18;5.25;5.5;5.1;5.47;312000000.0;5100000000.0;958334917.5;4851;1.16;120000000.0;2356641;5.359999999999999
2021-09-19;5.47;5.51;4.86;4.91;240000000.0;4920000000.0;958418932.48;4444;1.18;118000000.0;2434661;5.1899999999999995
2021-09-20;4.91;4.93;4.08;4.2;418000000.0;4260000000.0;958502945.54;4621;1.26;220000000.0;2085643;4.555
2021-09-21;4.2;4.31;3.79;3.89;311000000.0;3920000000.0;958586963.47;5014;1.29;407000000.0;2526271;4.045
2021-09-22;3.89;4.33;3.81;4.3;189000000.0;3940000000.0;958670993.58;4385;1.32;105000000.0;2761759;4.095
2021-09-23;4.3;4.39;4.19;4.38;141000000.0;4130000000.0;958755027.59;438;1.35;103000000.0;2773207;4.34
2021-09-24;4.38;4.39;3.79;4.03;251000000.0;3900000000.0;958922404.68;17398;1.37;137000000.0;2516883;4.205
2021-09-25;4.03;4.1;3.91;4.01;130000000.0;3850000000.0;959006461.04;453;1.34;60300000.0;2637411;4.02
2021-09-26;4.01;4.16;3.68;3.97;245000000.0;3750000000.0;959090515.53;4556;1.31;141000000.0;2684411;3.99
2021-09-27;3.97;4.11;3.82;3.83;147000000.0;3810000000.0;959174574.9;4535;1.28;151000000.0;2281474;3.9000000000000004
2021-09-28;3.83;3.9;3.66;3.68;132000000.0;3640000000.0;959258642.06;4422;1.29;89530000.0;2832840;3.755
2021-09-29;3.68;3.87;3.64;3.75;95020000.0;3620000000.0;959342718.98;431;1.3;65390000.0;2518481;3.715
2021-09-30;3.74;3.95;3.72;3.94;98600000.0;3720000000.0;959426808.57;4345;1.3;66099999.99999999;2653080;3.84
2021-10-01;3.94;4.29;3.91;4.28;187000000.0;3960000000.0;959509953.61;16671;1.31;108000000.0;2685328;4.11
2021-10-02;4.28;4.46;4.19;4.33;209000000.0;4160000000.0;959594460.71;442;1.31;78120000.0;2808313;4.305
2021-10-03;4.32;4.87;4.23;4.64;281000000.0;4440000000.0;959679207.83;4419;1.35;170000000.0;2693967;4.48
2021-10-04;4.64;4.74;4.34;4.6;371000000.0;4350000000.0;959762283.11;4511;1.3;97150000.0;2772584;4.619999999999999
2021-10-05;4.6;4.79;4.55;4.73;230000000.0;4480000000.0;959846400.45;4492;1.3;105000000.0;2206973;4.665
2021-10-06;4.73;4.92;4.38;4.75;306000000.0;4500000000.0;959930624.41;4494;1.24;144000000.0;1431102;4.74
2021-10-07;4.75;4.84;4.55;4.72;396000000.0;4500000000.0;960015399.53;4315;1.24;88160000.0;1604081;4.734999999999999
2021-10-08;4.72;4.83;4.58;4.65;177000000.0;4530000000.0;960098816.8;16629;1.01;59180000.0;2024299;4.6850000000000005
2021-10-09;4.65;5.07;4.61;5.0;222000000.0;4670000000.0;960182968.76;4601;1.02;95880000.0;2338490;4.825
2021-10-10;5.0;5.01;4.56;4.58;191000000.0;4630000000.0;960267119.28;4484;1.05;79740000.0;2435646;4.79
2021-10-11;4.58;4.76;4.43;4.55;174000000.0;4430000000.0;960351279.07;4448;1.07;92040000.0;2277894;4.5649999999999995
2021-10-12;4.55;4.55;4.27;4.49;641000000.0;4240000000.0;960435443.75;4335;1.07;73900000.0;2179861;4.52
2021-10-13;4.49;4.61;4.37;4.6;618000000.0;4330000000.0;960519615.74;4147;1.05;83820000.0;2169570;4.545
2021-10-14;4.6;4.74;4.55;4.62;236000000.0;4440000000.0;960603807.72;4341;1.05;66360000.0;1870508;4.609999999999999
2021-10-15;4.62;4.73;4.44;4.64;231000000.0;4420000000.0;960687990.96;18299;1.05;144000000.0;2381886;4.63
2021-10-16;4.64;4.72;4.53;4.57;123000000.0;4440000000.0;960552135.11;4519;1.03;61150000.0;2260408;4.605
2021-10-17;4.57;4.6;4.22;4.41;124000000.0;4280000000.0000005;960856395.48;4153;1.03;49530000.0;2476103;4.49
2021-10-18;4.41;4.56;4.36;4.42;238000000.0;4290000000.0;960940608.97;4403;1.02;92800000.0;1672655;4.415
2021-10-19;4.42;4.52;4.37;4.46;304000000.0;4280000000.0000005;961024823.45;4315;1.01;55760000.0;1614968;4.4399999999999995
2021-10-20;4.46;4.89;4.44;4.83;362000000.0;4480000000.0;961109041.36;4403;0.97;111000000.0;1578176;4.645
2021-10-21;4.83;4.95;4.6;4.67;766000000.0;4610000000.0;961193272.93;449;0.87;104000000.0;2348829;4.75
2021-10-22;4.67;4.79;4.55;4.61;127000000.0;4500000000.0;961277509.88;18271;0.84;96090000.0;1733570;4.640000000000001
2021-10-23;4.61;4.77;4.58;4.75;89950000.0;4510000000.0;961361756.6;9381;0.77;44590000.0;1764089;4.68
2021-10-24;4.75;5.09;4.66;4.74;294000000.0;4670000000.0;961446001.39;4371;0.78;129000000.0;1917199;4.745
2021-10-25;4.74;4.85;4.71;4.82;109000000.0;4620000000.0;961530269.11;5062;0.72;114000000.0;1799478;4.78
2021-10-26;4.82;4.93;4.53;4.72;301000000.0;4630000000.0;961614529.04;4473;0.72;74560000.0;2147319;4.77
2021-10-27;4.72;4.77;3.87;4.15;928000000.0;4120000000.0;961698803.13;4517;0.79;193000000.0;2212573;4.4350000000000005
2021-10-28;4.15;4.5;4.14;4.4;402000000.0;4179999999.9999995;961783158.19;4512;0.84;106000000.0;1954485;4.275
2021-10-29;4.4;4.54;4.38;4.5;108000000.0;4290000000.0;961867359.65;2053;0.81;71300000.0;2084063;4.45
2021-10-30;4.5;4.52;4.35;4.48;110000000.0;4280000000.0000005;961951644.51;4564;0.81;66220000.0;2013360;4.49
2021-10-31;4.48;4.77;4.45;4.64;198000000.0;4410000000.0;962035943.53;4289;0.8;117000000.0;2073082;4.5600000000000005
2021-11-01;4.64;4.72;4.46;4.64;171000000.0;4440000000.0;962120246.97;52826;0.75;111000000.0;2061384;4.64
2021-11-02;4.64;4.8;4.58;4.7;126000000.0;4520000000.0;962204556.76;4587;0.75;96950000.0;1863012;4.67
2021-11-03;4.7;4.88;4.52;4.71;240000000.0;4520000000.0;962288880.24;4519;0.73;162000000.0;1847646;4.705
2021-11-04;4.71;4.76;4.44;4.55;271000000.0;4410000000.0;962373224.22;4576;0.73;70600000.0;1922125;4.63
2021-11-05;4.54;4.6;4.46;4.51;114000000.0;4360000000.0;962457551.63;21988;0.73;62380000.0;1981703;4.525
2021-11-06;4.51;4.55;4.23;4.45;122000000.0;4250000000.0;962541890.28;4536;0.74;60900000.0;2032830;4.48
2021-11-07;4.45;4.6;4.42;4.6;81960000.0;4330000000.0;962626235.3;4291;0.73;43090000.0;1560055;4.525
2021-11-08;4.6;4.89;4.58;4.86;399000000.0;4520000000.0;962710587.17;4623;0.74;192000000.0;2038757;4.73
2021-11-09;4.86;5.38;4.84;5.21;590000000.0;4940000000.0;962794966.88;4931;0.75;286000000.0;2172204;5.035
2021-11-10;5.21;5.39;4.54;4.84;1440000000.0;4900000000.0;962879328.05;4523;0.7;119000000.0;2132678;5.025
2021-11-11;4.84;5.03;4.8;4.92;332000000.0;4740000000.0;962963705.84;4647;0.75;169000000.0;2078166;4.88
2021-11-12;4.93;5.11;4.67;4.85;238000000.0;4770000000.0;971048088.53;21792;0.75;81690000.0;2121699;4.89
2021-11-13;4.85;5.07;4.8;5.01;125000000.0;4800000000.0;971132469.78;4616;0.76;49260000.0;1848757;4.93
2021-11-14;5.01;5.09;4.83;4.96;128000000.0;4800000000.0;971216858.37;4534;0.76;66150000.00000001;1773498;4.984999999999999
2021-11-15;4.96;5.1;4.77;4.81;267000000.0;4800000000.0;971301393.49;4805;0.75;73970000.0;1834208;4.885
2021-11-16;4.81;4.81;4.08;4.33;909000000.0;4320000000.0;971385957.48;4563;0.81;232000000.0;1732205;4.57
2021-11-17;4.33;4.41;4.18;4.37;148000000.0;4190000000.0000005;971470658.27;4412;0.82;83150000.0;1986719;4.35
2021-11-18;4.37;4.45;3.94;4.09;220000000.0;4059999999.9999995;971555365.48;452;0.85;143000000.0;1833238;4.23
2021-11-19;4.09;4.32;4.05;4.29;355000000.0;4090000000.0;971638951.48;21485;0.87;96360000.0;1631975;4.1899999999999995
2021-11-20;4.29;4.35;4.18;4.34;254000000.0;4170000000.0;971723398.3;4373;0.82;47340000.0;1560824;4.3149999999999995
2021-11-21;4.34;4.38;4.23;4.25;89100000.0;4170000000.0;971807838.79;422;0.82;46130000.0;1555412;4.295
2021-11-22;4.25;4.29;4.06;4.14;135000000.0;4059999999.9999995;971892282.71;4398;0.82;122000000.0;1624059;4.195
2021-11-23;4.14;4.25;4.06;4.23;365000000.0;4050000000.0;971976743.25;4491;0.82;172000000.0;1792052;4.1850000000000005
2021-11-24;4.24;4.26;4.01;4.12;112000000.0;4010000000.0;972061217.98;4226;0.83;69050000.0;1861971;4.18
2021-11-25;4.12;4.32;4.1;4.25;106000000.0;4099999999.9999995;972145683.93;4407;0.83;149000000.0;1690536;4.1850000000000005
2021-11-26;4.26;4.27;3.77;3.85;202000000.0;3840000000.0;972230169.45;21722;0.88;99460000.0;1277825;4.055
2021-11-27;3.85;3.98;3.83;3.9;96600000.0;3800000000.0;972314653.52;4475;0.79;68910000.0;910803;3.875
2021-11-28;3.9;3.97;3.67;3.97;126000000.0;3710000000.0;972399140.05;4401;0.77;70280000.0;935504;3.935
2021-11-29;3.97;4.05;3.91;4.01;88070000.0;3860000000.0;972483639.32;448;0.76;95380000.0;1071054;3.99
2021-11-30;4.01;4.17;3.88;4.01;139000000.0;3920000000.0;972568164.04;4645;0.76;105000000.0;1142937;4.01
2021-12-01;4.01;4.12;3.94;3.99;92210000.0;3940000000.0;972652674.11;4633;0.75;88850000.0;1126349;4.0
2021-12-02;3.99;4.01;3.86;3.97;73410000.0;3840000000.0;972737233.1;4523;0.75;139000000.0;1054204;3.9800000000000004
2021-12-03;3.97;4.17;3.67;3.79;154000000.0;3830000000.0;972818320.33;21926;;144000000.0;958477;3.88
2021-12-04;3.79;3.81;2.41;3.15;443000000.0;3010000000.0;972902848.76;4549;;313000000.0;999847;3.4699999999999998
2021-12-05;3.15;3.19;2.86;3.04;156000000.0;2950000000.0;972987380.62;4089;;83880000.0;912086;3.0949999999999998
2021-12-06;3.04;3.3;2.81;3.28;294000000.0;3000000000.0;973071921.79;4311;;532000000.0;865571;3.16
2021-12-07;3.28;3.33;3.18;3.23;119000000.0;3160000000.0;973156466.4;426;0.99;123000000.0;8673;3.255
2021-12-08;3.22;3.9;3.12;3.65;548000000.0;3520000000.0;973241020.32;4343;1.15;204000000.0;2193240;3.435
2021-12-09;3.65;3.72;3.21;3.22;257000000.0;3350000000.0;973325580.1;4282;1.1;164000000.0;779953;3.435
2021-12-10;3.22;3.35;3.03;3.04;162000000.0;3120000000.0;973410146.28;23242;1.09;78240000.0;847374;3.13
2021-12-11;3.04;3.57;2.99;3.41;677000000.0;3310000000.0;973494718.33;4524;1.16;193000000.0;835277;3.225
2021-12-12;3.42;3.52;3.24;3.34;303000000.0;3290000000.0;973579297.75;4043;1.17;63660000.0;792039;3.38
2021-12-13;3.33;3.4;3.01;3.09;362000000.0;3120000000.0;973663884.03;4454;1.19;98990000.0;828049;3.21
2021-12-14;3.09;3.43;3.05;3.36;309000000.0;3200000000.0;973748476.69;4666;1.21;96420000.0;844334;3.2249999999999996
2021-12-15;3.35;3.5;3.14;3.36;235000000.0;3250000000.0;973822620.91;1217967;1.24;194000000.0;1004395;3.355
2021-12-16;3.36;3.4;3.19;3.21;130000000.0;3230000000.0;973917683.6;409;1.23;120000000.0;865428;3.285
2021-12-17;3.21;3.27;3.06;3.15;117000000.0;3090000000.0;975364817.86;12919;1.19;57460000.0;909863;3.1799999999999997
2021-12-18;3.16;3.31;3.11;3.24;80630000.0;3150000000.0;975449445.35;148587;1.2;66800000.0;88754;3.2
2021-12-19;3.24;3.31;3.18;3.19;86550000.0;3160000000.0;975534074.82;3929;1.18;38300000.0;874591;3.215
2021-12-20;3.19;3.34;3.09;3.19;165000000.0;3120000000.0;975618709.7;15311;1.17;65720000.0;897231;3.19
2021-12-21;3.19;3.36;3.17;3.31;133000000.0;3210000000.0;975703351.44;4166;1.17;51300000.0;922606;3.25
2021-12-22;3.31;3.43;3.29;3.35;109000000.0;3280000000.0;975787999.57;4161;1.18;61880000.0;959604;3.33
2021-12-23;3.35;3.53;3.31;3.5;116000000.0;3320000000.0;975872655.06;406;1.19;115000000.0;91378;3.425
2021-12-24;3.51;3.52;3.35;3.38;87800000.0;3370000000.0;975957316.45;23743;1.18;54530000.0;887952;3.445
2021-12-25;3.38;3.45;3.36;3.41;64900000.00000001;3300000000.0;976041986.18;3995;1.19;44050000.0;794961;3.395
2021-12-26;3.41;3.42;3.32;3.4;59410000.0;3330000000.0;976126662.8;3971;1.18;48330000.0;804678;3.4050000000000002
2021-12-27;3.4;3.5;3.37;3.39;69810000.0;3320000000.0;976211854.49;4246;1.14;74880000.0;847833;3.395
2021-12-28;3.39;3.39;3.11;3.13;108000000.0;3310000000.0;976297198.22;4002;1.16;81090000.0;854527;3.26
2021-12-29;3.13;3.22;3.01;3.03;96510000.0;3060000000.0;976382546;4089;1.16;60590000.0;970877;3.08
2021-12-30;3.03;3.12;2.96;3.08;84490000.0;2960000000.0;976467902.23;4255;1.17;71080000.0;924041;3.0549999999999997
2021-12-31;3.08;3.15;2.98;3.03;160000000.0;3000000000.0;976553264.48;7855;1.17;80110000.0;927277;3.0549999999999997
2022-01-01;3.03;3.16;3.03;3.16;42870000.0;2960000000.0;976638635.68;4164;1.17;64650000.00000001;863413;3.0949999999999998
2022-01-02;3.16;3.27;3.13;3.25;74770000.0;3080000000.0;976722542.42;20563;1.18;40710000.0;891037;3.205
2022-01-03;3.25;3.25;3.13;3.2;110000000.0;3180000000.0;976807925.51;4421;1.18;34380000.0;901537;3.225
2022-01-04;3.19;3.26;3.14;3.17;68530000.0;3120000000.0;976891642.84;425;1.03;46920000.0;87323;3.1799999999999997
2022-01-05;3.17;3.23;2.78;2.9;138000000.0;3090000000.0;976977041.73;4153;1.02;83430000.0;941214;3.035
2022-01-06;2.89;2.94;2.81;2.92;100000000.0;2830000000.0;977062447.6;427;1.03;87030000.0;909996;2.9050000000000002
2022-01-07;2.92;2.93;2.7;2.84;145000000.0;2860000000.0;977143368.33;25615;1.03;66989999.99999999;881253;2.88
2022-01-08;2.84;2.9;2.67;2.75;83170000.0;2780000000.0;977229898.92;415;0.92;78900000.0;855565;2.795
2022-01-09;2.75;2.84;2.74;2.79;51250000.0;2690000000.0;977312865.66;408;0.84;28480000.0;843698;2.77
2022-01-10;2.79;2.83;2.58;2.7;107000000.0;2730000000.0;977397647.94;4159;0.83;76440000.0;865065;2.745
2022-01-11;2.7;2.8;2.69;2.77;59320000.0;2640000000.0;977482437.11;4038;0.7;48630000.0;914069;2.7350000000000003
2022-01-12;2.77;2.91;2.76;2.89;64410000.0;2710000000.0;977567233.16;4035;0.72;37830000.0;945137;2.83
2022-01-13;2.88;2.91;2.78;2.79;121000000.0;2820000000.0;977652036.1;4073;0.68;28580000.0;977879;2.835
2022-01-14;2.79;2.93;2.77;2.87;139000000.0;2730000000.0;977736846.92;26649;0.62;59180000.0;913977;2.83
2022-01-15;2.87;2.96;2.85;2.91;54080000.0;2800000000.0;977821663.14;422;0.63;32670000.0;887758;2.89
2022-01-16;2.91;2.95;2.87;2.9;35500000.0;2850000000.0;977906485.77;3936;0.61;30590000.0;848766;2.9050000000000002
2022-01-17;2.91;2.91;2.78;2.83;50640000.0;2840000000.0;977991313.33;4127;0.62;60610000.0;945244;2.87
2022-01-18;2.83;2.94;2.75;2.83;75630000.0;2770000000.0;978076148.74;402;0.61;62520000.0;87211;2.83
2022-01-19;2.83;2.87;2.7;2.74;59130000.0;2760000000.0;978160989.57;3937;0.6;35180000.0;820502;2.785
2022-01-20;2.74;2.86;2.62;2.64;66420000.0;2680000000.0;978245837.28;4051;0.62;41410000.0;879766;2.6900000000000004
2022-01-21;2.63;2.67;2.3;2.37;312000000.0;2580000000.0;978382358.56;28081;0.61;93020000.0;926589;2.5
2022-01-22;2.37;2.43;2.01;2.22;221000000.0;2320000000.0;978467224.47;4472;0.71;94310000.0;98684;2.295
2022-01-23;2.22;2.29;2.16;2.27;84280000.0;2180000000.0;978552092.87;4084;0.66;31130000.0;964114;2.245
2022-01-24;2.27;2.28;1.99;2.2;148000000.0;2220000000.0;978636967.66;4234;0.7;52670000.0;1082401;2.2350000000000003
2022-01-25;2.19;2.24;2.16;2.23;223000000.0;2150000000.0;978721850.83;4041;0.67;35030000.0;1201963;2.21
2022-01-26;2.22;2.38;2.18;2.22;173000000.0;2180000000.0;978806741.37;3991;0.69;79860000.0;1066621;2.22
2022-01-27;2.21;2.25;2.13;2.23;111000000.0;2170000000.0;978891640.76;392;0.68;29790000.0;1161848;2.2199999999999998
2022-01-28;2.22;2.32;2.18;2.31;52360000.0;2180000000.0;978976547.54;25543;0.64;43190000.0;944002;2.265
2022-01-29;2.31;2.38;2.29;2.34;39730000.0;2260000000.0;979061459.74;4167;0.66;21690000.0;856882;2.325
2022-01-30;2.34;2.37;2.26;2.32;102000000.0;2290000000.0;979146382.27;3873;0.65;21660000.0;848938;2.33
2022-01-31;2.32;2.35;2.21;2.34;128000000.0;2270000000.0;979231420.31;4011;0.66;23190000.0;832074;2.33
2022-02-01;2.34;2.37;2.31;2.36;43860000.0;2290000000.0;979316352.23;10584;0.64;42930000.0;821984;2.3499999999999996
2022-02-02;2.36;2.46;2.26;2.28;60860000.0;2310000000.0;979401289.09;3951;0.62;33240000.000000004;833688;2.32
2022-02-03;2.28;2.31;2.23;2.31;46610000.0;2230000000.0;979486246.61;3945;0.63;36840000.0;964695;2.295
2022-02-04;2.31;2.49;2.29;2.48;145000000.0;2260000000.0;979571197.75;27705;0.67;56480000.0;84583;2.395
2022-02-05;2.48;2.55;2.45;2.48;364000000.0;2430000000.0;979656531.92;4265;0.64;35050000.0;793728;2.48
2022-02-06;2.48;2.55;2.44;2.54;35610000.0;2430000000.0;979741145.32;3971;0.63;21920000.0;777224;2.51
2022-02-07;2.54;2.72;2.49;2.7;87430000.0;2490000000.0;979826164.37;4394;0.65;50340000.0;785247;2.62
2022-02-08;2.7;2.77;2.54;2.63;94000000.0;2640000000.0;979911149.99;4201;0.69;107000000.0;902911;2.665
2022-02-09;2.63;2.7;2.59;2.67;49130000.0;2580000000.0;979996214.83;4112;0.67;60800000.0;993688;2.65
2022-02-10;2.67;2.77;2.55;2.55;88490000.0;2620000000.0;980081341.17;4265;0.66;65580000.0;935306;2.61
2022-02-11;2.55;2.6;2.39;2.42;69690000.0;2500000000.0;980166348.51;2852;0.67;44970000.0;876822;2.485
2022-02-12;2.41;2.44;2.33;2.4;41930000.0;2370000000.0;980251381.45;4421;0.68;23870000.0;790854;2.4050000000000002
2022-02-13;2.4;2.43;2.35;2.38;30850000.0;2350000000.0;980336433.12;4159;0.67;17520000.0;78362;2.3899999999999997
2022-02-14;2.38;2.4;2.31;2.37;31990000.0;2330000000.0;980421460.69;4284;0.66;26250000.0;778781;2.375
2022-02-15;2.37;2.54;2.37;2.53;36980000.0;2330000000.0;980506568.97;4131;0.68;43720000.0;774857;2.45
2022-02-16;2.53;2.58;2.46;2.55;54080000.0;2480000000.0;980591770.3;4114;0.7;31420000.0;822344;2.54
2022-02-17;2.55;2.58;2.29;2.33;62540000.0;2500000000.0;980676816.64;4238;0.72;41090000.0;824365;2.44
2022-02-18;2.33;2.38;2.27;2.3;52670000.0;2280000000.0;980761871.85;31337;0.76;35670000.0;846064;2.315
2022-02-19;2.3;2.34;2.23;2.29;46430000.0;2250000000.0;980846927.08;4396;0.75;33299999.999999996;788701;2.295
2022-02-20;2.29;2.3;2.17;2.2;49610000.0;2240000000.0;980932005.96;4137;0.75;24680000.0;818542;2.245
2022-02-21;2.2;2.28;2.06;2.07;84900000.0;2160000000.0;981017106.03;4314;0.67;49380000.0;8286;2.135
2022-02-22;2.07;2.18;2.03;2.17;61450000.0;2029999999.9999998;981102257.32;428;0.67;39320000.0;794607;2.12
2022-02-23;2.17;2.23;2.1;2.11;141000000.0;2130000000.0;981187339.22;4225;0.68;40980000.0;742107;2.1399999999999997
2022-02-24;2.1;2.12;1.86;2.07;397000000.0;2069999999.9999998;981272458.56;4222;0.72;87600000.0;883746;2.085
2022-02-25;2.07;2.17;2.03;2.15;56520000.0;2029999999.9999998;981357683.3;27297;0.68;27770000.0;81368;2.11
2022-02-26;2.15;2.29;2.14;2.16;47820000.0;2109999999.9999998;981442845.54;4408;0.69;28840000.0;698609;2.1550000000000002
2022-02-27;2.17;2.25;2.06;2.09;78020000.0;2130000000.0;981527965.44;4278;0.69;44340000.0;6973;2.13
2022-02-28;2.09;2.28;2.06;2.28;186000000.0;2049999999.9999998;981613087.33;428;0.7;49880000.0;678226;2.1849999999999996
2022-03-01;2.28;2.31;2.21;2.27;142000000.0;2240000000.0;981698222.05;4642;0.76;40620000.0;662341;2.275
2022-03-02;2.26;2.29;2.18;2.21;105000000.0;2220000000.0;981783409.99;4279;0.76;25430000.0;727821;2.235
2022-03-03;2.21;2.22;2.12;2.16;114000000.0;2170000000.0;981869276.91;4187;0.77;11480000.0;863038;2.185
2022-03-04;2.16;2.17;1.97;2.0;62190000.0;2120000000.0;981954766.03;27648;0.76;17750000.0;797849;2.08
2022-03-05;2.0;2.05;1.96;2.04;29180000.0;1970000000.0;982040132.02;4597;0.79;6210000.0;708447;2.02
2022-03-06;2.04;2.06;1.95;1.96;64940000.0;2009999999.9999998;982125300.93;4325;0.79;8279999.999999999;716417;2.0
2022-03-07;1.96;2.02;1.87;1.92;106000000.0;1930000000.0;982210477.26;418;0.75;34340000.0;748566;1.94
2022-03-08;1.92;1.99;1.91;1.97;151000000.0;1890000000.0;982296475.77;439;0.77;12120000.0;684319;1.9449999999999998
2022-03-09;1.97;2.08;1.97;2.07;132000000.0;1940000000.0;982381833.59;4507;0.78;10500000.0;678715;2.02
2022-03-10;2.07;2.1;1.94;1.98;109000000.0;2029999999.9999998;982467082.01;4347;0.75;12330000.0;750898;2.025
2022-03-11;1.99;2.02;1.92;1.97;46310000.0;1950000000.0;982552311.72;31151;0.75;23840000.0;740367;1.98
2022-03-12;1.97;2.01;1.97;1.97;24100000.0;1940000000.0;982637552.31;433;0.74;9880000.0;764057;1.97
2022-03-13;1.97;2.01;1.89;1.91;33530000.0;1940000000.0;982722795.87;3951;0.73;15210000.0;672157;1.94
2022-03-14;1.9;1.98;1.88;1.97;40420000.0;1870000000.0;982808052.78;3977;0.72;21750000.0;696737;1.935
2022-03-15;1.97;2.01;1.92;1.99;31330000.0;1940000000.0;982893315.62;384;0.73;15160000.0;697742;1.98
2022-03-16;1.99;2.1;1.98;2.08;58690000.0;1950000000.0;982978585.4;3846;0.74;45820000.0;760399;2.035
2022-03-17;2.09;2.1;2.05;2.09;37350000.0;2049999999.9999998;983063442.82;3797;0.76;38590000.0;743329;2.09
2022-03-18;2.09;2.15;2.05;2.13;52300000.0;2049999999.9999998;983148767.85;18346;0.72;16160000.0;69433;2.11
2022-03-19;2.13;2.23;2.13;2.22;149000000.0;2089999999.9999998;983234126.46;4732;0.73;18680000.0;677137;2.175
2022-03-20;2.22;2.28;2.15;2.21;162000000.0;2180000000.0;983319393.83;4088;0.68;29090000.0;664247;2.215
2022-03-21;2.21;2.45;2.15;2.35;416000000.0;2180000000.0;983404660.24;4328;0.74;45110000.0;729224;2.2800000000000002
2022-03-22;2.35;2.58;2.35;2.55;642000000.0;2310000000.0;983489952.32;427;0.73;82810000.0;703046;2.45
2022-03-23;2.55;2.59;2.44;2.5;355000000.0;2510000000.0;983575231.6;4002;0.75;37560000.0;676037;2.525
2022-03-24;2.5;2.63;2.44;2.54;255000000.0;2460000000.0;983660557.28;7998;0.72;408000000.0;708989;2.52
2022-03-25;2.54;2.58;2.42;2.51;284000000.0;2500000000.0;983745848.92;21067;0.71;39980000.0;707624;2.525
2022-03-26;2.51;2.52;2.46;2.51;140000000.0;2470000000.0;985193755.84;452;0.7;17770000.0;638941;2.51
2022-03-27;2.51;2.68;2.49;2.67;211000000.0;2480000000.0;985279179.81;4154;0.7;16649999.999999998;647908;2.59
2022-03-28;2.67;3.21;2.64;2.86;1330000000.0;2630000000.0;985364500.14;4892;0.79;114000000.0;714493;2.7649999999999997
2022-03-29;2.86;2.97;2.77;2.9;600000000.0;2820000000.0;985449824.93;4327;0.75;62190000.0;685054;2.88
2022-03-30;2.89;3.06;2.8;2.94;249000000.0;2850000000.0;985535153.2;4727;0.74;43760000.0;732317;2.915
2022-03-31;2.94;3.02;2.75;2.83;142000000.0;2890000000.0;985616005.41;4667;0.69;37990000.0;702785;2.885
2022-04-01;2.83;2.87;2.66;2.84;123000000.0;2790000000.0;985701347.18;22106;0.69;44060000.0;746627;2.835
2022-04-02;2.84;2.94;2.76;2.79;76090000.0;2800000000.0;985786695.38;4975;0.68;25900000.0;680071;2.815
2022-04-03;2.79;2.86;2.72;2.84;119000000.0;2750000000.0;985872051.01;4312;0.67;19770000.0;674738;2.815
2022-04-04;2.84;2.94;2.71;2.89;159000000.0;2800000000.0;985957413.08;4447;0.63;71040000.0;703102;2.865
2022-04-05;2.89;2.91;2.74;2.75;94300000.0;2850000000.0;986042782.56;431;0.62;56460000.0;684503;2.8200000000000003
2022-04-06;2.75;2.76;2.41;2.43;130000000.0;2710000000.0;986128158.49;4276;0.69;48730000.0;683986;2.59
2022-04-07;2.44;2.58;2.39;2.5;70910000.0;2400000000.0;986213541.83;3935;0.76;35360000.0;686303;2.4699999999999998
2022-04-08;2.5;2.52;2.35;2.38;98770000.0;2470000000.0;986298932.12;21077;0.77;41390000.0;676036;2.44
2022-04-09;2.38;2.44;2.36;2.42;118000000.0;2350000000.0;986384328.35;4441;0.77;18860000.0;649448;2.4
2022-04-10;2.42;2.48;2.36;2.36;117000000.0;2390000000.0;986469732.5;4085;0.75;44060000.0;647287;2.3899999999999997
2022-04-11;2.36;2.38;2.12;2.16;90450000.0;2330000000.0;986555156.94;4157;0.8;42280000.0;887569;2.26
2022-04-12;2.16;2.25;2.16;2.24;57360000.0;2140000000.0000002;986641246.26;4101;0.82;28490000.0;924046;2.2
2022-04-13;2.24;2.36;2.21;2.36;72390000.0;2210000000.0;986727344.59;4011;0.82;33340000.000000004;98987;2.3
2022-04-14;2.36;2.37;2.24;2.31;64620000.00000001;2330000000.0;986813437.62;388;0.83;26150000.0;893191;2.335
2022-04-15;2.31;2.44;2.29;2.42;87300000.0;2280000000.0;986899550.54;21139;0.84;37570000.0;845907;2.365
2022-04-16;2.42;2.64;2.4;2.61;119000000.0;2390000000.0;986985655.19;4649;0.84;51900000.0;719365;2.5149999999999997
2022-04-17;2.61;2.69;2.39;2.42;145000000.0;2580000000.0;987071756.49;4127;0.88;42040000.0;667301;2.5149999999999997
2022-04-18;2.42;2.46;2.3;2.45;110000000.0;2390000000.0;987153213.57;4254;0.91;31260000.0;691709;2.435
2022-04-19;2.45;2.7;2.4;2.65;128000000.0;2420000000.0;987238679.68;4444;0.94;47780000.0;676221;2.55
2022-04-20;2.65;2.89;2.52;2.76;319000000.0;2610000000.0;987325276.52;4396;0.94;50890000.0;760681;2.705
2022-04-21;2.76;2.86;2.45;2.51;232000000.0;2730000000.0;987411412.54;431;0.97;63540000.0;699056;2.635
2022-04-22;2.51;2.56;2.44;2.46;99560000.0;2470000000.0;987498889.37;2274;0.94;30600000.0;704129;2.485
2022-04-23;2.46;2.49;2.38;2.4;55990000.0;2430000000.0;987583716.64;4461;0.94;19130000.0;667166;2.4299999999999997
2022-04-24;2.41;2.45;2.34;2.35;50370000.0;2380000000.0;987669872.83;392;0.95;8740000.0;682596;2.38
2022-04-25;2.35;2.4;2.21;2.38;89770000.0;2320000000.0;987752832.02;4277;0.95;28920000.0;716885;2.365
2022-04-26;2.38;2.45;2.15;2.19;94220000.0;2350000000.0;987838347.34;4152;0.97;32460000.0;684082;2.285
2022-04-27;2.18;2.28;2.16;2.25;61190000.0;2160000000.0;987923870.09;4071;0.97;24920000.0;726284;2.215
2022-04-28;2.25;2.36;2.24;2.31;168000000.0;2230000000.0;988009398.3;3859;0.94;27500000.0;702997;2.2800000000000002
2022-04-29;2.32;2.38;2.22;2.27;103000000.0;2290000000.0;988094933.94;22064;0.94;27950000.0;686843;2.295
2022-04-30;2.27;2.29;1.92;2.01;92360000.0;2250000000.0;988180477.03;431;0.95;24220000.0;657607;2.1399999999999997
2022-05-01;2.01;2.11;2.0;2.11;56610000.0;1990000000.0;988266026.58;4002;1.02;23920000.0;639055;2.0599999999999996
2022-05-02;2.11;2.15;2.03;2.1;63820000.0;2080000000.0;988351583.58;3962;1.02;26690000.0;670515;2.105
2022-05-03;2.1;2.12;2.02;2.05;43480000.0;2069999999.9999998;988437147.02;3917;1.02;21950000.0;675349;2.075
2022-05-04;2.05;2.24;2.05;2.23;67690000.0;2029999999.9999998;988522717.41;3955;1.03;24110000.0;641684;2.1399999999999997
2022-05-05;2.23;2.25;1.96;2.01;98820000.0;2200000000.0;988608446.79;3829;1.11;26680000.0;667375;2.12
2022-05-06;2.01;2.05;1.94;2.02;64220000.0;1990000000.0;988694686.83;21493;1.09;27490000.0;698154;2.0149999999999997
2022-05-07;2.02;2.05;1.93;1.98;180000000.0;2000000000.0;988780933.94;4301;1.03;16440000.000000002;655941;2.0
2022-05-08;1.98;1.99;1.93;1.95;121000000.0;1960000000.0;988867188.11;3825;1.02;16489999.999999998;647748;1.9649999999999999
2022-05-09;1.95;1.98;1.52;1.59;154000000.0;1930000000.0;988953449.33;403;1.05;57850000.0;679612;1.77
2022-05-10;1.59;1.81;1.59;1.72;160000000.0;1570000000.0;989036287.21;4178;1.26;61760000.0;744387;1.655
2022-05-11;1.72;1.74;1.34;1.4;198000000.0;1700000000.0;989121906.25;427;1.29;56030000.0;754013;1.56
2022-05-12;1.4;1.45;1.06;1.27;180000000.0;1390000000.0;989207532.26;15264;1.35;109000000.0;723938;1.335
2022-05-13;1.28;1.46;1.26;1.34;75320000.0;1260000000.0;989293165.71;19203;1.38;64680000.00000001;689905;1.31
2022-05-14;1.34;1.38;1.25;1.35;48850000.0;1320000000.0;989378806.11;4617;1.35;14870000.0;675869;1.3450000000000002
2022-05-15;1.35;1.41;1.31;1.4;35630000.0;1340000000.0;989464452.98;3921;1.35;7170000.0;618856;1.375
2022-05-16;1.4;1.41;1.28;1.32;46820000.0;1390000000.0;989550106.79;4213;1.35;29550000.0;637353;1.3599999999999999
2022-05-17;1.32;1.39;1.31;1.38;39260000.0;1300000000.0;989635768.06;4105;1.32;18190000.0;751756;1.35
2022-05-18;1.38;1.39;1.26;1.26;35390000.0;1360000000.0;989721435.79;4148;1.33;17900000.0;700852;1.3199999999999998
2022-05-19;1.27;1.33;1.22;1.32;40150000.0;1250000000.0;989807110.97;393;1.35;21470000.0;672278;1.295
2022-05-20;1.32;1.35;1.25;1.27;34000000.0;1310000000.0;989892792.61;21403;1.3;12670000.0;691061;1.295
2022-05-21;1.27;1.32;1.24;1.3;26620000.0;1260000000.0;989980926.89;4355;1.29;11680000.0;647386;1.2850000000000001
2022-05-22;1.3;1.37;1.29;1.35;41030000.0;1290000000.0;990064180.74;3979;1.28;10290000.0;670839;1.3250000000000002
2022-05-23;1.35;1.44;1.29;1.31;55620000.0;1340000000.0;990149879.79;3966;1.29;36350000.0;723311;1.33
2022-05-24;1.31;1.36;1.27;1.34;35440000.0;1290000000.0;990235589.76;3918;1.29;16129999.999999998;723492;1.3250000000000002
2022-05-25;1.34;1.37;1.3;1.32;41460000.0;1330000000.0;990321306.2;3854;1.3;12800000.0;720968;1.33
2022-05-26;1.32;1.34;1.19;1.24;50160000.0;1310000000.0;990407034.56;3861;1.3;19340000.0;731775;1.28
2022-05-27;1.24;1.26;1.19;1.21;46440000.0;1220000000.0;990492820.49;19825;1.28;21610000.0;753495;1.225
2022-05-28;1.21;1.26;1.21;1.25;23940000.0;1200000000.0;990578557.82;4256;1.28;7510000.0;721294;1.23
2022-05-29;1.26;1.29;1.23;1.29;23580000.0;1240000000.0;990664302.12;3932;1.28;6540000.0;72056;1.275
2022-05-30;1.29;1.4;1.28;1.39;36810000.0;1280000000.0;990750053.87;4078;1.3;19700000.0;736898;1.3399999999999999
2022-05-31;1.39;1.4;1.33;1.38;44810000.0;1370000000.0;990835812.09;3969;1.27;18200000.0;762373;1.3849999999999998
2022-06-01;1.38;1.41;1.24;1.27;53860000.0;1370000000.0;990921577.27;3849;1.27;21030000.0;746115;1.325
2022-06-02;1.27;1.3;1.24;1.29;26660000.0;1250000000.0;991007349.92;3735;1.28;15360000.0;730932;1.28
2022-06-03;1.29;1.3;1.23;1.26;23960000.0;1280000000.0;991093129.03;19662;1.28;14260000.0;730795;1.275
2022-06-04;1.26;1.29;1.24;1.28;17570000.0;1250000000.0;991178915.61;4162;1.24;16660000.0;699823;1.27
2022-06-05;1.28;1.29;1.26;1.27;14790000.0;1270000000.0;991264708.65;3733;1.21;4650000.0;713696;1.275
2022-06-06;1.27;1.33;1.26;1.3;64230000.00000001;1260000000.0;991350509.16;3943;1.21;11210000.0;1039714;1.2850000000000001
2022-06-07;1.3;1.32;1.22;1.28;32530000.0;1290000000.0;991436316.14;3798;1.22;22660000.0;963021;1.29
2022-06-08;1.28;1.31;1.24;1.25;45660000.0;1270000000.0;991522130.59;3829;1.21;12790000.0;956712;1.2650000000000001
2022-06-09;1.25;1.28;1.23;1.24;55850000.0;1240000000.0;991607951.5;3719;1.05;9880000.0;941524;1.245
2022-06-10;1.24;1.25;1.16;1.18;30750000.0;1230000000.0;991696083.51;20566;1.01;16870000.0;948671;1.21
2022-06-11;1.18;1.21;1.1;1.12;111000000.0;1170000000.0;991781915.08;4462;0.83;22790000.0;779692;1.15
2022-06-12;1.12;1.13;1.03;1.03;103000000.0;1110000000.0;991865461.54;3753;0.78;54710000.0;786895;1.0750000000000002
2022-06-13;1.03;1.06;0.877;0.918;83430000.0;1020000000.0;991951365.97;4029;0.84;48050000.0;796575;0.974
2022-06-14;0.917;0.961;0.851;0.94;59450000.0;910000000.0;992037222.74;3868;0.87;29170000.0;752597;0.9285
2022-06-15;0.939;1.01;0.853;1.01;191000000.0;932000000.0;992123085.98;3861;0.86;33650000.0;757338;0.9744999999999999
2022-06-16;1.01;1.02;0.9;0.91;98190000.0;1000000000.0;992208956.19;3635;0.9;19770000.0;80223;0.96
2022-06-17;0.91;0.964;0.902;0.937;32689999.999999996;902000000.0;991484806.86;16667;0.91;14810000.0;783589;0.9235
2022-06-18;0.936;0.949;0.815;0.886;103000000.0;929000000.0;992125691.51;4091;0.9;19160000.0;844607;0.911
2022-06-19;0.887;0.977;0.859;0.966;64110000.0;880000000.0;992211582.64;3617;0.89;13670000.0;819399;0.9265
2022-06-20;0.966;0.986;0.923;0.96;102000000.0;959000000.0;992297480.75;3694;0.93;18520000.0;9312;0.963
2022-06-21;0.961;1.01;0.945;0.963;142000000.0;954000000.0;992383385.83;3742;0.93;15990000.0;940857;0.962
2022-06-22;0.962;0.962;0.918;0.925;157000000.0;955000000.0;992469493.78;3576;0.91;16399999.999999998;896894;0.9435
2022-06-23;0.925;0.976;0.922;0.974;55570000.0;918000000.0;992555409.85;3629;0.92;13900000.0;79461;0.9495
2022-06-24;0.974;1.02;0.973;1.0;94210000.0;967000000.0;992643328.87;19208;0.94;20350000.0;793363;0.987
2022-06-25;1.0;1.03;0.97;1.01;41230000.0;998000000.0;992727263.93;3968;0.93;9400000.0;781791;1.005
2022-06-26;1.01;1.04;0.987;0.989;44050000.0;1000000000.0;992813201.94;3504;0.91;5770000.0;773025;0.9995
2022-06-27;0.989;1.03;0.967;0.984;35340000.0;982000000.0;992899146.42;3724;0.91;16420000.000000002;813925;0.9864999999999999
2022-06-28;0.984;1.0;0.939;0.943;118000000.0;977000000.0;992985097.87;3666;0.91;10840000.0;745211;0.9635
2022-06-29;0.944;0.959;0.92;0.935;69350000.0;937000000.0;993071057.83;3688;0.9;13270000.0;778134;0.9395
2022-06-30;0.935;0.938;0.869;0.926;44730000.0;929000000.0;993157022.77;14991;0.86;13290000.0;78004;0.9305000000000001
2022-07-01;0.925;0.952;0.888;0.909;37330000.0;919000000.0;993242994.7;18581;0.85;14080000.0;764583;0.917
2022-07-02;0.909;0.944;0.875;0.935;38610000.0;903000000.0;993328975.1;4363;0.83;8359999.999999999;730125;0.922
2022-07-03;0.936;0.947;0.868;0.941;11560000.0;929000000.0;993414962.49;3746;0.82;5750000.0;730927;0.9385
2022-07-04;0.944;0.985;0.847;0.981;16260000.000000002;938000000.0;993500955.36;3804;0.82;8090000.0;741592;0.9624999999999999
2022-07-05;0.98;0.998;0.846;0.967;31460000.0;973000000.0;993586955.22;3864;0.83;13210000.0;916015;0.9735
2022-07-06;0.967;1.0;0.872;0.994;18000000.0;961000000.0;993672962.55;3876;0.83;15290000.0;1096504;0.9804999999999999
2022-07-07;0.995;1.04;0.852;1.03;15140000.0;989000000.0;993758978.36;3738;0.84;15290000.0;1006201;1.0125
2022-07-08;1.03;1.07;1.0;1.01;25740000.0;1020000000.0;993844998.17;15916;0.84;14420000.0;905681;1.02
2022-07-09;1.01;1.05;0.89;1.03;10900000.0;1000000000.0;993931028.95;4048;0.85;7200000.0;1477155;1.02
2022-07-10;1.04;1.04;0.874;1.0;18150000.0;1030000000.0;994019026.44;3959;0.85;8690000.0;1236726;1.02
2022-07-11;1.0;1.0;0.926;0.938;15290000.0;997000000.0;994105067.36;3806;0.84;15540000.0;1133748;0.969
2022-07-12;0.935;0.949;0.878;0.913;15750000.0;930000000.0;994191413.07;3771;0.85;16270000.0;1433751;0.924
2022-07-13;0.914;0.953;0.882;0.948;23400000.0;909000000.0;994277773.79;3618;0.81;16540000.0;1488771;0.931
2022-07-14;0.948;0.977;0.915;0.971;21230000.0;942000000.0;994361381.28;3611;0.74;12990000.0;1020095;0.9595
2022-07-15;0.97;0.993;0.957;0.975;19890000.0;965000000.0;994449486.21;1118;0.74;11660000.0;913291;0.9724999999999999
2022-07-16;0.975;1.01;0.951;1.01;19680000.0;969000000.0;994535584.49;8496;0.7;7130000.0;1053361;0.9924999999999999
2022-07-17;1.01;1.02;0.944;0.984;20050000.0;1000000000.0;994621688.26;3729;0.62;6490000.0;1140715;0.997
2022-07-18;0.985;1.07;0.984;1.06;33630000.0;980000000.0;994707801.01;3819;0.63;11010000.0;932778;1.0225
2022-07-19;1.06;1.09;1.02;1.08;38850000.0;1050000000.0;994787251.55;3734;0.65;14910000.0;810457;1.07
2022-07-20;1.08;1.1;1.03;1.04;45890000.0;1070000000.0000001;994873355.33;3738;0.56;17610000.0;874457;1.06
2022-07-21;1.04;1.06;1.0;1.05;25590000.0;1030000000.0;994959466.59;3613;0.57;11200000.0;937224;1.045
2022-07-22;1.05;1.21;1.04;1.17;89240000.0;1050000000.0;995045585.35;15034;0.67;40570000.0;943132;1.1099999999999999
2022-07-23;1.17;1.2;1.13;1.16;44810000.0;1170000000.0;995126931.74;4223;0.68;23410000.0;83973;1.165
2022-07-24;1.16;1.26;1.16;1.2;65660000.0;1160000000.0;995217667.83;3833;0.67;26890000.0;832698;1.18
2022-07-25;1.2;1.21;1.1;1.11;39310000.0;1200000000.0;995303806.56;385;0.69;22030000.0;863648;1.155
2022-07-26;1.11;1.11;1.07;1.11;37480000.0;1100000000.0;995389951.79;381;0.73;17550000.0;965494;1.11
2022-07-27;1.11;1.26;1.09;1.25;43280000.0;1110000000.0;995476108;3831;0.79;15420000.0;805724;1.1800000000000002
2022-07-28;1.25;1.35;1.23;1.31;66720000.0;1250000000.0;995562269.21;403;0.84;21570000.0;785715;1.28
2022-07-29;1.31;1.33;1.25;1.3;41610000.0;1310000000.0;995648435.93;19699;0.83;22240000.0;877179;1.3050000000000002
2022-07-30;1.3;1.38;1.27;1.31;35840000.0;1290000000.0;995734610.14;11567;0.83;17470000.0;816558;1.3050000000000002
2022-07-31;1.31;1.45;1.28;1.33;62340000.0;1300000000.0;995820790.85;5832;0.84;24440000.0;778603;1.32
2022-08-01;1.33;1.37;1.23;1.26;41490000.0;1330000000.0;995906978.55;8038;0.86;27110000.0;819845;1.295
2022-08-02;1.26;1.27;1.16;1.19;61340000.0;1250000000.0;995993173.75;905;0.87;32960000.0;880042;1.225
2022-08-03;1.19;1.38;1.15;1.18;32720000.0;1180000000.0;996079374.96;5319;0.88;18090000.0;82627;1.185
2022-08-04;1.17;1.3;1.16;1.19;25580000.0;1170000000.0;996165584.18;4706;0.87;10510000.0;1016762;1.18
2022-08-05;1.19;1.27;1.19;1.26;31960000.0;1180000000.0;996251800.89;15072;0.87;19990000.0;1070594;1.225
2022-08-06;1.26;1.27;1.22;1.23;16990000.0;1250000000.0;996338023.61;4177;0.89;5980000.0;965845;1.245
2022-08-07;1.23;1.25;1.2;1.23;17350000.0;1220000000.0;996424256.83;4086;0.89;5080000.0;763001;1.23
2022-08-08;1.23;1.29;1.23;1.25;23150000.0;1230000000.0;996510495.04;5644;0.89;11610000.0;810976;1.24
2022-08-09;1.25;1.26;1.16;1.18;30690000.0;1250000000.0;996596739.76;7816;0.91;17890000.0;799304;1.2149999999999999
2022-08-10;1.18;1.29;1.15;1.28;41360000.0;1170000000.0;996685933.98;10431;0.92;26190000.0;882075;1.23
2022-08-11;1.28;1.33;1.28;1.31;38700000.0;1270000000.0;996772192.47;15167;0.9;21450000.0;824417;1.295
2022-08-12;1.31;1.33;1.27;1.33;25390000.0;1310000000.0;996862049.43;26385;0.89;19410000.0;814992;1.32
2022-08-13;1.33;1.41;1.32;1.35;28420000.0;1320000000.0;996948321.73;13931;0.89;12360000.0;829388;1.34
2022-08-14;1.35;1.38;1.29;1.31;27600000.0;1350000000.0;997031495.28;13849;0.9;10830000.0;81464;1.33
2022-08-15;1.31;1.35;1.25;1.27;29690000.0;1300000000.0;997118445.95;4933;0.91;18440000.0;842878;1.29
2022-08-16;1.27;1.39;1.24;1.38;51450000.0;1270000000.0;997205405.72;497;0.92;26470000.0;806389;1.325
2022-08-17;1.38;1.76;1.37;1.48;282000000.0;1380000000.0;997292370.63;13304;0.98;110000000.0;857893;1.43
2022-08-18;1.48;1.56;1.41;1.48;117000000.0;1480000000.0;997379348.64;21362;0.93;51370000.0;818148;1.48
2022-08-19;1.48;1.49;1.25;1.27;113000000.0;1480000000.0;997466327.28;17918;1.03;42650000.0;802143;1.375
2022-08-20;1.27;1.43;1.27;1.41;72540000.0;1270000000.0;997550810.25;5082;1.08;23090000.0;761863;1.3399999999999999
2022-08-21;1.41;1.59;1.38;1.57;123000000.0;1410000000.0;997637806.43;4654;1.14;38170000.0;800368;1.49
2022-08-22;1.57;1.95;1.47;1.84;277000000.0;1570000000.0;997724807.23;5324;1.14;93980000.0;961809;1.705
2022-08-23;1.84;1.9;1.71;1.8;222000000.0;1830000000.0;997811814.66;485;1.24;80380000.0;850712;1.82
2022-08-24;1.81;1.81;1.68;1.77;118000000.0;1800000000.0;998702405.7;4424;1.25;59390000.0;817034;1.79
2022-08-25;1.77;1.79;1.66;1.73;107000000.0;1770000000.0;998789427.63;4377;1.19;42000000.0;821583;1.75
2022-08-26;1.73;1.77;1.52;1.55;129000000.0;1730000000.0;998876457.18;16494;1.24;45440000.0;821729;1.6400000000000001
2022-08-27;1.55;1.56;1.47;1.54;67800000.0;1550000000.0;998963498.35;47;1.2;23520000.0;80662;1.545
2022-08-28;1.54;1.57;1.41;1.43;50370000.0;1540000000.0;999043099.89;4373;1.2;16559999.999999998;790075;1.4849999999999999
2022-08-29;1.42;1.5;1.4;1.49;38830000.0;1420000000.0;999129484.3;4351;1.23;27120000.0;776674;1.455
2022-08-30;1.49;1.52;1.35;1.39;51580000.0;1490000000.0;999215876.72;4131;1.26;28640000.0;80469;1.44
2022-08-31;1.39;1.45;1.36;1.37;40940000.0;1390000000.0;999302276.15;4299;1.26;14070000.0;791903;1.38
2022-09-01;1.37;1.5;1.34;1.48;70670000.0;1370000000.0;999388683.09;4316;1.25;45820000.0;783999;1.425
2022-09-02;1.48;1.59;1.48;1.55;96450000.0;1480000000.0;999475098.56;15661;1.25;40810000.0;784435;1.5150000000000001
2022-09-03;1.55;1.6;1.51;1.52;56550000.0;1550000000.0;999561518.05;4626;1.26;47030000.0;766457;1.5350000000000001
2022-09-04;1.52;1.55;1.47;1.49;30380000.0;1520000000.0;999647945.05;4148;1.26;18360000.0;76339;1.505
2022-09-05;1.49;1.59;1.42;1.57;53870000.0;1490000000.0;999734381.08;4207;1.25;22980000.0;747032;1.53
2022-09-06;1.57;1.59;1.38;1.4;63840000.0;1570000000.0;999820824.63;3991;1.31;70030000.0;615213;1.4849999999999999
2022-09-07;1.4;1.7;1.36;1.66;122000000.0;1400000000.0;999907271.21;4106;1.46;235000000.0;7503;1.5299999999999998
2022-09-08;1.66;1.73;1.59;1.6;111000000.0;1660000000.0;999993726.81;395;1.46;44110000.0;850755;1.63
2022-09-09;1.6;1.75;1.57;1.66;96120000.0;1600000000.0;1000080189.94;10498;1.45;34440000.0;778674;1.63
2022-09-10;1.66;1.87;1.64;1.75;137000000.0;1660000000.0;1000166664.59;4497;1.43;31370000.0;766491;1.705
2022-09-11;1.75;1.84;1.67;1.71;88060000.0;1750000000.0;1000253140.76;4073;1.44;40150000.0;724142;1.73
2022-09-12;1.71;1.78;1.63;1.66;72320000.0;1710000000.0;1000339623.44;9595;1.44;25260000.0;770669;1.685
2022-09-13;1.66;1.7;1.46;1.47;89820000.0;1660000000.0;1000426115.58;449;1.47;31790000.0;767015;1.565
2022-09-14;1.47;1.51;1.41;1.48;64780000.0;1470000000.0;1000512614.82;4167;1.5;50590000.0;740268;1.475
2022-09-15;1.48;1.48;1.36;1.38;61800000.0;1480000000.0;1000599123.08;3921;1.5;30780000.0;735585;1.43
2022-09-16;1.38;1.46;1.38;1.42;57760000.0;1380000000.0;1000685633.37;17837;1.49;30270000.0;738048;1.4
2022-09-17;1.42;1.49;1.42;1.47;33710000.0;1420000000.0;1000776813.64;4757;1.48;42680000.0;726301;1.4449999999999998
2022-09-18;1.47;1.47;1.24;1.27;59580000.0;1470000000.0;1000865440.97;4151;1.5;27020000.0;70511;1.37
2022-09-19;1.27;1.31;1.21;1.3;57160000.0;1270000000.0;1000945208.42;4336;1.47;34180000.0;738146;1.2850000000000001
2022-09-20;1.3;1.38;1.24;1.34;73760000.0;1300000000.0;1001031747.81;3778;1.42;7980000.0;743352;1.32
2022-09-21;1.34;1.36;1.16;1.18;93870000.0;1340000000.0;1001118296.72;;1.39;;;1.26
2022-09-22;1.18;1.25;1.17;1.24;48380000.0;1180000000.0;1001204849.15;;1.29;;;1.21
2022-09-23;1.24;1.26;1.17;1.23;54270000.0;1240000000.0;1001291409.11;;1.3;;;1.2349999999999999
2022-09-24;1.23;1.25;1.19;1.2;47070000.0;1230000000.0;1001380823.67;;1.3;;;1.2149999999999999
2022-09-25;1.2;1.22;1.14;1.17;28320000.0;1200000000.0;1001467396.94;;1.3;;;1.185
2022-09-26;1.17;1.19;1.13;1.18;38640000.0;1170000000.0;1001557584.88;;1.26;;;1.1749999999999998
2022-09-27;1.18;1.23;1.14;1.15;43980000.0;1180000000.0;1001639820.43;414;1.26;18600000.0;77092;1.165
2022-09-28;1.15;1.17;1.1;1.15;28890000.0;1160000000.0;1001730769.15;3821;1.24;11980000.0;761807;1.15
2022-09-29;1.15;1.23;1.14;1.21;58150000.0;1150000000.0;1001813019.58;4006;1.24;20300000.0;845404;1.18
2022-09-30;1.21;1.23;1.17;1.18;44980000.0;1210000000.0;1001900990.76;16707;1.22;15350000.0;804265;1.1949999999999998
2022-10-01;1.18;1.23;1.18;1.22;26810000.0;1190000000.0;1001987610.29;4945;1.22;5960000.0;715352;1.2
2022-10-02;1.22;1.23;1.15;1.16;20770000.0;1230000000.0;1002077213.6;4475;1.2;7220000.0;641503;1.19
2022-10-03;1.16;1.19;1.15;1.19;22330000.0;1160000000.0;1002160929.11;4143;1.2;7670000.0;666827;1.1749999999999998
2022-10-04;1.19;1.21;1.16;1.2;22410000.0;1190000000.0;1002250480.29;4026;1.2;12610000.0;672503;1.1949999999999998
2022-10-05;1.2;1.2;1.15;1.17;28440000.0;1200000000.0;1002337214.45;3959;1.2;21550000.0;682943;1.185
2022-10-06;1.18;1.19;1.15;1.16;19430000.0;1180000000.0;1002423050.5;3856;1.18;39810000.0;700668;1.17
2022-10-07;1.16;1.18;1.1;1.12;34840000.0;1160000000.0;1002509741.02;1609;1.13;26390000.0;695154;1.1400000000000001
2022-10-08;1.12;1.13;1.09;1.11;13290000.0;1120000000.0;1002596423.53;4412;0.9;13920000.0;675548;1.1150000000000002
2022-10-09;1.11;1.14;1.11;1.12;12660000.0;1120000000.0;1002683125.11;4266;0.89;4340000.0;66851;1.1150000000000002
2022-10-10;1.12;1.14;1.01;1.03;49360000.0;1130000000.0;1002769823.21;4413;0.89;21640000.0;690448;1.0750000000000002
2022-10-11;1.03;1.06;1.01;1.04;26280000.0;1040000000.0;1002856537.38;4015;0.88;13180000.0;729613;1.0350000000000001
2022-10-12;1.04;1.07;1.02;1.04;14290000.0;1050000000.0;1002943251.58;3822;0.88;4850000.0;71461;1.04
2022-10-13;1.04;1.04;0.94;1.01;46260000.0;1040000000.0;1003029983.85;16367;0.88;15760000.0;756086;1.025
2022-10-14;1.01;1.05;0.992;1.01;23920000.0;1020000000.0;1003116714.64;17515;0.81;10180000.0;823837;1.01
2022-10-15;1.01;1.07;1.0;1.05;28620000.0;1010000000.0;1003203476.57;4202;0.84;11470000.0;689734;1.03
2022-10-16;1.05;1.07;1.04;1.05;16530000.000000002;1050000000.0;1003290198.86;3916;0.81;3860000.0;687244;1.05
2022-10-17;1.05;1.07;1.03;1.05;13750000.0;1050000000.0;1003376950.3;419;0.8;5040000.0;709151;1.05
2022-10-18;1.06;1.08;1.02;1.05;20640000.0;1070000000.0000001;1003463708.28;4118;0.78;6650000.0;746303;1.0550000000000002
2022-10-19;1.05;1.06;0.993;1.0;19830000.0;1050000000.0;1003550472.3;4386;0.66;10850000.0;933235;1.025
2022-10-20;1.0;1.09;0.998;1.04;40260000.0;1010000000.0;1003637253.39;4157;0.67;14130000.0;1025767;1.02
2022-10-21;1.04;1.08;1.01;1.07;36310000.0;1050000000.0;1003724023.46;16431;0.67;12190000.0;1053937;1.0550000000000002
2022-10-22;1.07;1.08;1.04;1.07;19800000.0;1070000000.0000001;1003811136.5;4889;0.55;6980000.0;95644;1.07
2022-10-23;1.07;1.1;1.05;1.09;26480000.0;1070000000.0000001;1003897614.86;4244;0.53;10940000.0;978546;1.08
2022-10-24;1.09;1.1;1.06;1.07;17540000.0;1100000000.0;1003984416.11;5159;0.54;7870000.0;994192;1.08
2022-10-25;1.07;1.13;1.05;1.1;28020000.0;1070000000.0000001;1004071230.43;5982;0.54;13540000.0;1092544;1.085
2022-10-26;1.1;1.14;1.1;1.13;29490000.0;1110000000.0;1004154724.67;4444;0.54;27380000.0;1363518;1.115
2022-10-27;1.13;1.15;1.11;1.13;32310000.000000004;1130000000.0;1004241540.76;4073;0.54;36250000.0;1474624;1.13
2022-10-28;1.12;1.16;1.12;1.14;45170000.0;1130000000.0;1004328369.92;7262;0.54;27520000.0;1485658;1.13
2022-10-29;1.14;1.16;1.12;1.14;31690000.0;1140000000.0;1004415188.04;4107;0.54;15350000.0;1362478;1.14
2022-10-30;1.14;1.16;1.08;1.11;22630000.0;1140000000.0;1004502012.21;3909;0.51;8940000.0;1208051;1.125
2022-10-31;1.11;1.16;1.1;1.15;32049999.999999996;1120000000.0;1004588845.44;11029;0.52;13370000.0;1353975;1.13
2022-11-01;1.15;1.18;1.14;1.14;24420000.0;1150000000.0;1004675684.72;7242;0.51;20460000.0;1312231;1.145
2022-11-02;1.14;1.18;1.1;1.12;36060000.0;1150000000.0;1004762531.55;4086;0.49;18240000.0;1306053;1.13
2022-11-03;1.12;1.17;1.12;1.15;24670000.0;1120000000.0;1004849409.06;4125;0.49;16579999.999999998;1311051;1.135
2022-11-04;1.15;1.2;1.14;1.2;33890000.0;1160000000.0;1004936275.01;6383;0.5;25190000.0;1250283;1.1749999999999998
2022-11-05;1.2;1.22;1.14;1.17;46210000.0;1200000000.0;1005023143.01;4009;0.5;29900000.0;1209297;1.185
2022-11-06;1.17;1.17;1.11;1.11;29600000.0;1170000000.0;1005110017.09;3921;0.51;14520000.0;1232700;1.1400000000000001
2022-11-07;1.11;1.15;1.1;1.13;21690000.0;1120000000.0;1005196897.22;13715;0.52;21480000.0;1546780;1.12
2022-11-08;1.13;1.15;0.85;0.964;109000000.0;1140000000.0;1005283872.38;4508;0.53;68910000.0;1892740;1.047
2022-11-09;0.964;0.969;0.788;0.822;59620000.0;969000000.0;1005370769.6;4133;0.77;44640000.0;1652525;0.893
2022-11-10;0.822;0.959;0.805;0.935;54970000.0;827000000.0;1005457615.04;7026;0.93;50550000.0;1568222;0.8785000000000001
2022-11-11;0.935;0.945;0.874;0.933;29540000.0;941000000.0;1005544524.87;18204;0.97;17880000.0;1536945;0.934
2022-11-12;0.933;0.936;0.88;0.892;24580000.0;938000000.0;1005631436.72;7365;0.97;17360000.0;1574590;0.9125000000000001
2022-11-13;0.892;0.914;0.863;0.882;20650000.0;897000000.0;1005718366.7;5865;0.97;12630000.0;1740264;0.887
2022-11-14;0.883;0.922;0.829;0.914;29060000.0;948000000.0;1074088051.83;5144;0.97;23620000.0;2293690;0.8985000000000001
2022-11-15;0.915;0.949;0.89;0.925;18670000.0;982000000.0;1074180532.22;4705;0.97;10770000.0;1666885;0.92
2022-11-16;0.925;0.944;0.888;0.897;16530000.000000002;994000000.0;1074273032.95;4574;0.97;12480000.0;1803796;0.911
2022-11-17;0.897;0.907;0.881;0.899;11680000.0;963000000.0;1074369045.14;4057;0.97;8300000.000000001;1876229;0.898
2022-11-18;0.899;0.918;0.887;0.897;10280000.0;966000000.0;1074460954.67;15037;0.97;8400000.0;1858454;0.898
2022-11-19;0.897;0.907;0.874;0.903;9280000.0;964000000.0;1074553463.77;5628;0.96;6230000.0;1748649;0.9
2022-11-20;0.903;0.914;0.86;0.87;11200000.0;970000000.0;1074645999.08;4548;0.96;7790000.0;1356155;0.8865000000000001
2022-11-21;0.871;0.89;0.826;0.848;17710000.0;936000000.0;1074738546.21;6733;0.95;8480000.0;1300122;0.8594999999999999
2022-11-22;0.848;0.879;0.832;0.878;13870000.0;911000000.0;1074831100.3;6045;0.97;5790000.0;1472462;0.863
2022-11-23;0.878;0.92;0.87;0.911;19780000.0;944000000.0;1074920703.06;421;0.97;7310000.0;2016073;0.8945000000000001
2022-11-24;0.911;0.92;0.893;0.911;13520000.0;979000000.0;1075013256.42;4626;0.97;6620000.0;2205523;0.911
2022-11-25;0.91;1.01;0.891;0.933;36180000.0;979000000.0;1075105839.78;15689;0.97;9580000.0;1740115;0.9215
2022-11-26;0.933;0.949;0.915;0.933;14800000.0;1000000000.0;1075198404.95;5005;0.96;4370000.0;1895131;0.933
2022-11-27;0.932;0.964;0.914;0.928;21160000.0;1000000000.0;1075290981.38;4032;0.96;5820000.0;1798171;0.93
2022-11-28;0.929;0.935;0.884;0.903;15950000.0;999000000.0;1075384075.37;6982;0.96;10340000.0;1856041;0.916
2022-11-29;0.903;0.929;0.898;0.917;9470000.0;971000000.0;1075477387.01;4747;0.97;4680000.0;1824795;0.91
2022-11-30;0.918;0.955;0.917;0.95;14660000.0;987000000.0;1075570690.74;4392;0.97;7580000.0;1713201;0.9339999999999999
2022-12-01;0.95;0.956;0.923;0.931;12590000.0;1020000000.0;1075664002.16;19323;0.97;5200000.0;1720113;0.9405
2022-12-02;0.932;0.952;0.919;0.942;14350000.0;1000000000.0;1075756883.9;15615;0.97;3920000.0;1827771;0.937
2022-12-03;0.943;0.947;0.916;0.921;9400000.0;1010000000.0;1075850539.65;4865;0.97;3340000.0;1763426;0.9319999999999999
2022-12-04;0.921;0.935;0.92;0.93;11430000.0;991000000.0;1075941608.75;396;0.96;4320000.0;1725598;0.9255
2022-12-05;0.931;0.955;0.918;0.931;15750000.0;1000000000.0;1076034950.5;4616;0.95;5550000.0;1764213;0.931
2022-12-06;0.932;0.975;0.926;0.958;20080000.0;1000000000.0;1076128299.87;7017;0.95;5810000.0;1794356;0.9450000000000001
2022-12-07;0.959;1.02;0.918;0.989;46540000.0;1030000000.0;1076217572.5;5718;0.95;19980000.0;1838798;0.974
2022-12-08;0.989;1.01;0.968;0.995;27430000.0;1060000000.0;1076310539.48;6276;0.95;8410000.0;1729212;0.992
2022-12-09;0.995;1.07;0.993;1.03;48360000.0;1070000000.0000001;1076403529.07;15429;0.81;19300000.0;1696569;1.0125
2022-12-10;1.03;1.06;1.02;1.03;22480000.0;1110000000.0;1076496505.84;4562;0.62;8720000.0;1645627;1.03
2022-12-11;1.03;1.07;0.984;1.0;22640000.0;1110000000.0;1076589504.15;4183;0.43;5580000.0;1486081;1.0150000000000001
2022-12-12;1.0;1.02;0.958;0.982;29000000.0;1080000000.0;1076682502.53;7195;0.46;16870000.0;1609734;0.991
2022-12-13;0.982;1.02;0.949;1.0;25730000.0;1060000000.0;1076775512.28;4055;0.43;14290000.0;1767257;0.991
2022-12-14;1.0;1.03;0.967;0.978;19420000.0;1080000000.0;1076869177.12;4066;0.44;12090000.0;1788577;0.989
2022-12-15;0.979;1.01;0.947;0.956;15340000.0;1050000000.0;1076961236.4;5123;0.42;7740000.0;1736788;0.9675
2022-12-16;0.956;0.999;0.856;0.873;32330000.0;1030000000.0;1077053586.4;13476;0.44;10370000.0;1623229;0.9145
2022-12-17;0.873;0.916;0.859;0.891;14940000.0;940000000.0;1077146330.22;28183;0.53;5960000.0;1593046;0.882
2022-12-18;0.892;0.897;0.864;0.883;5620000.0;961000000.0;1077239672.94;3746;0.51;2170000.0;1657860;0.8875
2022-12-19;0.884;0.896;0.832;0.849;36030000.0;952000000.0;1077332420.08;6728;0.51;12660000.0;1779547;0.8665
2022-12-20;0.849;0.905;0.845;0.889;17020000.0;915000000.0;1077425521.46;3722;0.55;6540000.0;1716542;0.869
2022-12-21;0.889;0.899;0.868;0.888;14670000.0;958000000.0;1077518283.7;3693;0.54;4350000.0;1770500;0.8885000000000001
2022-12-22;0.888;0.892;0.86;0.886;13720000.0;956000000.0;1077611296.1;3544;0.53;7800000.0;1761475;0.887
2022-12-23;0.886;0.893;0.871;0.883;9540000.0;955000000.0;1077704091.67;13221;0.52;3040000.0;1802326;0.8845000000000001
2022-12-24;0.885;0.892;0.868;0.881;10420000.0;954000000.0;1077793418.95;4227;0.5;3660000.0;1522022;0.883
2022-12-25;0.88;0.89;0.859;0.889;11760000.0;948000000.0;1077886229.31;54;0.5;2530000.0;1413235;0.8845000000000001
2022-12-26;0.878;0.892;0.871;0.885;10080000.0;947000000.0;1077979015.53;7694;0.5;4300000.0;1364964;0.8815
2022-12-27;0.888;0.904;0.867;0.885;14980000.0;957000000.0;1078071946.76;3629;;3720000.0;1137874;0.8865000000000001
2022-12-28;0.892;0.894;0.867;0.871;21900000.0;962000000.0;1078165462.88;3665;0.5;9970000.0;1159188;0.8815
2022-12-29;0.871;0.882;0.854;0.867;14350000.0;939000000.0;1078258999.55;4249;0.49;9270000.0;1142919;0.869
2022-12-30;0.869;0.877;0.846;0.866;11470000.0;937000000.0;1078352530.98;12227;;6460000.0;1122991;0.8674999999999999
2022-12-31;0.866;0.879;0.86;0.863;6420000.0;934000000.0;1078434757.32;3692;0.47;3330000.0;1120881;0.8645
2023-01-01;0.863;0.882;0.857;0.879;7350000.0;930000000.0;1078539621.62;3381;;11670000.0;1121912;0.871
2023-01-02;0.879;0.897;0.867;0.882;11420000.0;948000000.0;1078628810.59;6349;0.47;5630000.0;1181185;0.8805000000000001
2023-01-03;0.882;0.908;0.87;0.88;10240000.0;951000000.0;1078721658.71;4541;0.01;4690000.0;1194621;0.881
2023-01-04;0.88;0.915;0.875;0.907;13480000.0;949000000.0;1078814519.77;4812;0.01;10320000.0;1198057;0.8935
2023-01-05;0.908;0.91;0.887;0.892;8620000.0;979000000.0;1078907418.44;5068;0.01;3430000.0;1225576;0.9
2023-01-06;0.893;0.908;0.871;0.897;11400000.0;963000000.0;1079000290.25;12995;0.01;15400000.0;1080560;0.895
2023-01-07;0.896;0.9;0.883;0.891;8880000.0;966000000.0;1079093170.68;4634;0.01;3400000.0;1279504;0.8935
2023-01-08;0.89;0.912;0.867;0.91;10160000.0;960000000.0;1079186062.42;4563;0.01;3660000.0;1329661;0.9
2023-01-09;0.91;0.949;0.908;0.935;22860000.0;982000000.0;1079278961.7;7369;0.01;32530000.0;1314491;0.9225000000000001
2023-01-10;0.935;0.956;0.925;0.948;14430000.0;1010000000.0;1079371869.07;4706;0.01;7730000.0;1320248;0.9415
2023-01-11;0.948;0.991;0.935;0.976;18900000.0;1020000000.0;1079464804.42;3808;0.01;10040000.0;1323492;0.962
2023-01-12;0.976;1.0;0.934;0.99;29500000.0;1050000000.0;1079557719.35;4027;0.01;9810000.0;1344050;0.983
2023-01-13;0.99;1.02;0.967;1.01;17220000.0;1070000000.0000001;1079650645.6;12245;0.01;164000000.0;1265257;1.0
2023-01-14;1.01;1.08;1.0;1.05;50560000.0;1090000000.0;1079746471.71;4709;0.01;20810000.0;1272248;1.03
2023-01-15;1.05;1.09;1.01;1.06;29330000.0;1140000000.0;1079836519.66;4091;0.01;11610000.0;1682019;1.0550000000000002
2023-01-16;1.06;1.08;1.01;1.04;26160000.0;1150000000.0;1079929465.85;5525;0;15980000.0;1538686;1.05
2023-01-17;1.04;1.06;1.02;1.02;19210000.0;1120000000.0;1080022419.08;1053;0.01;11230000.0;1320759;1.03
2023-01-18;1.02;1.05;0.932;0.958;36610000.0;1100000000.0;1080115382.53;4034;0.01;18480000.0;1338610;0.989
2023-01-19;0.958;0.982;0.949;0.979;13710000.0;1040000000.0;1080208355.68;14675;0.01;8310000.000000001;1371900;0.9684999999999999
2023-01-20;0.98;1.05;0.952;1.05;16469999.999999998;1060000000.0;1080301334.23;13315;0.01;7790000.0;1439671;1.0150000000000001
2023-01-21;1.05;1.06;0.974;1.03;25900000.0;1130000000.0;1080394347.23;5509;0.01;10990000.0;1323068;1.04
2023-01-22;1.03;1.13;1.02;1.08;37420000.0;1110000000.0;1080487346.27;4821;0.01;20320000.0;1323044;1.0550000000000002
2023-01-23;1.08;1.12;1.06;1.1;27280000.0;1170000000.0;1080580963.17;6361;0.01;7780000.0;1334514;1.09
2023-01-24;1.1;1.11;1.03;1.04;21740000.0;1180000000.0;1080674704;4826;0.01;8130000.000000001;1294003;1.07
2023-01-25;1.04;1.12;1.01;1.09;41040000.0;1120000000.0;1080768439.58;5259;0.01;18470000.0;1313971;1.065
2023-01-26;1.09;1.11;1.06;1.09;22280000.0;1180000000.0;1080862189.28;4745;0.01;25210000.0;1300822;1.09
2023-01-27;1.09;1.13;1.07;1.11;30190000.0;1180000000.0;1080952468.76;5254;0.01;12960000.0;1286561;1.1
2023-01-28;1.11;1.12;1.07;1.09;18550000.0;1200000000.0;1081045508.82;6336;0.01;4780000.0;1276528;1.1
2023-01-29;1.09;1.12;1.08;1.11;18820000.0;1180000000.0;1081116794.21;8249;0.01;14480000.0;1283858;1.1
2023-01-30;1.11;1.14;1.02;1.05;36820000.0;1210000000.0;1081233936.9;1188;0.01;12600000.0;1316933;1.08
2023-01-31;1.05;1.08;1.04;1.06;20450000.0;1130000000.0;1081263745.21;4145;0.01;6280000.0;1284709;1.0550000000000002
2023-02-01;1.06;1.09;1.01;1.08;35130000.0;1150000000.0;1081263745.21;7469;0.01;26790000.0;1300687;1.07
2023-02-02;1.08;1.12;1.06;1.07;34180000.0;1170000000.0;1081263745.21;4574;0.56;37840000.0;1078334;1.0750000000000002
2023-02-03;1.07;1.1;1.06;1.1;26110000.0;1160000000.0;1081263745.21;12754;0.57;12520000.0;1271275;1.085
2023-02-04;1.1;1.13;1.08;1.11;21210000.0;1180000000.0;1081263745.21;3709;0.58;8039999.999999999;1152895;1.105
2023-02-05;1.11;1.13;1.06;1.08;29320000.0;1200000000.0;1081263745.21;3913;0.58;27990000.0;1141437;1.0950000000000002
2023-02-06;1.08;1.09;1.05;1.06;20620000.0;1170000000.0;1081263745.21;7706;0.58;7470000.0;1314530;1.07
2023-02-07;1.06;1.12;1.06;1.11;28240000.0;1150000000.0;1081263745.21;4;0.59;11770000.0;1325885;1.085
2023-02-08;1.11;1.12;1.07;1.08;25150000.0;1200000000.0;1081263745.21;5474;0.61;19660000.0;1357171;1.0950000000000002
2023-02-09;1.08;1.16;1.03;1.04;79260000.0;1170000000.0;1081263745.21;5158;0.61;20750000.0;1108190;1.06
2023-02-10;1.04;1.08;1.03;1.05;35170000.0;1130000000.0;1081263745.21;12642;0.63;33850000.0;1317250;1.045
2023-02-11;1.05;1.06;1.04;1.06;13000000.0;1140000000.0;1081263745.21;4504;0.62;12820000.0;1352730;1.0550000000000002
2023-02-12;1.06;1.07;1.03;1.04;14030000.0;1140000000.0;1081263745.21;4462;0.62;9480000.0;1087118;1.05
2023-02-13;1.04;1.05;1.0;1.03;30690000.0;1120000000.0;1081263745.21;533;0.62;8420000.0;1223451;1.0350000000000001
2023-02-14;1.03;1.05;1.01;1.05;19420000.0;1110000000.0;1081263745.21;3697;0.61;7920000.0;1227747;1.04
2023-02-15;1.05;1.1;1.04;1.1;24600000.0;1130000000.0;1081263745.21;412;0.61;12600000.0;1414302;1.0750000000000002
2023-02-16;1.1;1.13;1.04;1.04;44160000.0;1190000000.0;1081263745.21;5066;0.62;17600000.0;1435338;1.07
2023-02-17;1.04;1.23;1.04;1.19;98060000.0;1130000000.0;1081263745.21;1339;0.65;31090000.0;1605382;1.115
2023-02-18;1.19;1.28;1.19;1.24;113000000.0;1290000000.0;1081263745.21;4907;0.77;35410000.0;1263618;1.2149999999999999
2023-02-19;1.24;1.31;1.21;1.23;90130000.0;1340000000.0;1081263745.21;5206;0.77;23630000.0;1447859;1.2349999999999999
2023-02-20;1.23;1.28;1.2;1.27;51670000.0;1330000000.0;1081263745.21;8095;0.74;35590000.0;1496419;1.25
2023-02-21;1.27;1.3;1.2;1.22;49740000.0;1380000000.0;1081263745.21;7165;0.75;30770000.0;1449988;1.245
2023-02-22;1.22;1.22;1.17;1.21;40160000.0;1320000000.0;1081263745.21;3971;0.75;16079999.999999998;1449835;1.2149999999999999
2023-02-23;1.21;1.23;1.16;1.18;33360000.0;1310000000.0;1081263745.21;3519;0.75;14620000.0;1506784;1.1949999999999998
2023-02-24;1.18;1.19;1.1;1.12;42430000.0;1280000000.0;1081263745.21;1272;0.73;20680000.0;1458414;1.15
2023-02-25;1.12;1.12;1.07;1.11;24780000.0;1210000000.0;1081263745.21;4;0.73;9680000.0;1417934;1.1150000000000002
2023-02-26;1.11;1.13;1.1;1.13;16420000.000000002;1200000000.0;1081263745.21;4025;0.73;7630000.0;1276568;1.12
2023-02-27;1.13;1.15;1.1;1.13;23120000.0;1220000000.0;1081263745.21;547;0.73;18370000.0;1435951;1.13
2023-02-28;1.13;1.21;1.12;1.15;54670000.0;1220000000.0;1081263745.21;4483;0.74;22280000.0;1459644;1.14
2023-03-01;1.15;1.21;1.13;1.21;37200000.0;1240000000.0;1081263745.21;581;0.73;13960000.0;1473627;1.18
2023-03-02;1.21;1.25;1.17;1.24;58060000.0;1310000000.0;1081263745.21;4237;0.72;17310000.0;1490029;1.225
